mdntf_no,drgnm_no,herb_name,representative_name,drgnm_raw
1,158,당귀,당귀,"당귀(當歸),참당귀"
1,158,참당귀,당귀,"당귀(當歸),참당귀"
2,1,가근,가근,가근(茄根)
3,2,가자,가자,가자(訶子)
4,3,갈근,갈근,"갈근(葛根), 칡뿌리"
4,3,칡뿌리,갈근,"갈근(葛根), 칡뿌리"
5,4,갈만,갈만,"갈만(葛蔓),칡줄기"
5,4,칡줄기,갈만,"갈만(葛蔓),칡줄기"
6,5,갈화,갈화,"갈화(葛花),갈조화(葛條花),칡꽃"
6,5,갈조화,갈화,"갈화(葛花),갈조화(葛條花),칡꽃"
6,5,칡꽃,갈화,"갈화(葛花),갈조화(葛條花),칡꽃"
7,6,감국,감국,"감국(甘菊),야국(野菊),야국화(野菊花),들국화,고의,국화(菊花)"
7,6,야국,감국,"감국(甘菊),야국(野菊),야국화(野菊花),들국화,고의,국화(菊花)"
7,6,야국화,감국,"감국(甘菊),야국(野菊),야국화(野菊花),들국화,고의,국화(菊花)"
7,6,들국화,감국,"감국(甘菊),야국(野菊),야국화(野菊花),들국화,고의,국화(菊花)"
7,6,고의,감국,"감국(甘菊),야국(野菊),야국화(野菊花),들국화,고의,국화(菊花)"
7,6,국화,감국,"감국(甘菊),야국(野菊),야국화(野菊花),들국화,고의,국화(菊花)"
8,7,감송향,감송향,"감송향(甘松香),감송(甘松)"
8,7,감송,감송향,"감송향(甘松香),감송(甘松)"
9,8,감수,감수,감수(甘遂)
10,9,감초,감초,감초(甘草)
11,9,감초,감초,감초(甘草)
12,9,감초,감초,감초(甘草)
13,13,강판귀,강판귀,강판귀(杠板歸)
14,14,강향,강향,"강향(降香),강진향(降眞香)"
14,14,강진향,강향,"강향(降香),강진향(降眞香)"
15,15,강활,강활,"강활(羌活),산수근채(山水芹菜),강호리뿌리"
15,15,산수근채,강활,"강활(羌活),산수근채(山水芹菜),강호리뿌리"
15,15,강호리뿌리,강활,"강활(羌活),산수근채(山水芹菜),강호리뿌리"
16,15,강활,강활,강활(羌活)
17,15,강활,강활,강활(羌活)
18,16,강황,강황,"강황(薑黃),울금(鬱金)"
18,16,울금,강황,"강황(薑黃),울금(鬱金)"
19,17,개자,개자,"개자(芥子),겨자"
19,17,겨자,개자,"개자(芥子),겨자"
20,17,개자,개자,"개자(芥子),백개자(白芥子)"
20,17,백개자,개자,"개자(芥子),백개자(白芥子)"
21,19,갱미,갱미,갱미(粳米)
22,20,거수,거수,"거수(欅樹), 느티나무속줄기, 느티나무속심"
22,20,느티나무속줄기,거수,"거수(欅樹), 느티나무속줄기, 느티나무속심"
22,20,느티나무속심,거수,"거수(欅樹), 느티나무속줄기, 느티나무속심"
23,21,건강,건강,"건강(乾薑),마른생강"
23,21,마른생강,건강,"건강(乾薑),마른생강"
24,263,미사인,미사인,"미사인,건사인(建砂仁)"
24,263,건사인,미사인,"미사인,건사인(建砂仁)"
25,24,건율,건율,"건율(乾栗),율자(栗子),밤,건률"
25,24,율자,건율,"건율(乾栗),율자(栗子),밤,건률"
25,24,밤,건율,"건율(乾栗),율자(栗子),밤,건률"
25,24,건률,건율,"건율(乾栗),율자(栗子),밤,건률"
26,24,건율,건율,"건율(乾栗),밤,건률"
26,24,밤,건율,"건율(乾栗),밤,건률"
26,24,건률,건율,"건율(乾栗),밤,건률"
27,26,건칠,건칠,"건칠(乾漆),칠(漆)"
27,26,칠,건칠,"건칠(乾漆),칠(漆)"
28,27,검인,검인,"검인(芡仁), 검실(芡實)"
28,27,검실,검인,"검인(芡仁), 검실(芡實)"
29,28,겐티아나,겐티아나,겐티아나
30,30,견우자,견우자,"견우자(牽牛子),흑축(黑丑),나팔꽃씨"
30,30,흑축,견우자,"견우자(牽牛子),흑축(黑丑),나팔꽃씨"
30,30,나팔꽃씨,견우자,"견우자(牽牛子),흑축(黑丑),나팔꽃씨"
31,30,견우자,견우자,"견우자(牽牛子),흑축(黑丑)"
31,30,흑축,견우자,"견우자(牽牛子),흑축(黑丑)"
32,31,결명자,결명자,결명자(決明子)
33,31,결명자,결명자,결명자(決明子)
34,33,경마자,경마자,경마자(苘麻子)
35,34,경천,경천,경천(景天)
36,34,경천,경천,경천(景天)
38,34,경천,경천,경천(景天)
39,34,경천,경천,경천(景天)
40,35,계관화,계관화,"계관화(鷄冠花),맨드라미꽃"
40,35,맨드라미꽃,계관화,"계관화(鷄冠花),맨드라미꽃"
41,37,계시등,계시등,계시등(鷄矢藤)
42,38,계심,계심,계심(桂心)
43,39,계지,계지,"계지(桂枝),유계(柳桂),육계나무"
43,39,유계,계지,"계지(桂枝),유계(柳桂),육계나무"
43,39,육계나무,계지,"계지(桂枝),유계(柳桂),육계나무"
44,40,계혈등,계혈등,계혈등(鷄血藤)
45,41,계황초,계황초,계황초(溪黃草)
46,42,고동과,고동과,고동과(苦冬瓜)
47,43,고량강,고량강,"고량강(高良薑),양강(良姜),량강뿌리"
47,43,양강,고량강,"고량강(高良薑),양강(良姜),량강뿌리"
47,43,량강뿌리,고량강,"고량강(高良薑),양강(良姜),량강뿌리"
48,44,고련피,고련피,"고련피(苦楝皮),고련근피(苦楝根皮)"
48,44,고련근피,고련피,"고련피(苦楝皮),고련근피(苦楝根皮)"
49,45,고목,고목,"고목(苦木),소태나무줄기"
49,45,소태나무줄기,고목,"고목(苦木),소태나무줄기"
50,47,고본,고본,"고본(藁本),당고본(唐藁本)"
50,47,당고본,고본,"고본(藁本),당고본(唐藁本)"
51,47,고본,고본,고본(藁本)
52,47,고본,고본,"고본(藁本),세엽고본(細葉藁本),고본뿌리"
52,47,세엽고본,고본,"고본(藁本),세엽고본(細葉藁本),고본뿌리"
52,47,고본뿌리,고본,"고본(藁本),세엽고본(細葉藁本),고본뿌리"
53,832,화고본,화고본,화고본(和藁本)
54,48,고삼,고삼,"고삼(苦參),너삼"
54,48,너삼,고삼,"고삼(苦參),너삼"
55,50,고지정,고지정,고지정(苦地丁)
56,51,고채,고채,고채(苦菜)
57,52,고추,고추,"고추(苦椒), 날초(辣椒), 번초(蕃椒), 당추"
57,52,날초,고추,"고추(苦椒), 날초(辣椒), 번초(蕃椒), 당추"
57,52,번초,고추,"고추(苦椒), 날초(辣椒), 번초(蕃椒), 당추"
57,52,당추,고추,"고추(苦椒), 날초(辣椒), 번초(蕃椒), 당추"
58,54,곡기생,곡기생,"곡기생(槲寄生),겨우살이,기생목"
58,54,겨우살이,곡기생,"곡기생(槲寄生),겨우살이,기생목"
58,54,기생목,곡기생,"곡기생(槲寄生),겨우살이,기생목"
59,55,곡아,곡아,"곡아(穀芽), 도아(稻芽)"
59,55,도아,곡아,"곡아(穀芽), 도아(稻芽)"
60,55,곡아,곡아,곡아(穀芽)
61,56,곡엽,곡엽,곡엽(槲葉)
62,57,곡정초,곡정초,곡정초(穀精草)
64,57,곡정초,곡정초,곡정초(穀精草)
65,60,골담초근,골담초근,"골담초근(骨膽草根), 금작근(金雀根), 금계아근(錦鷄兒根)"
65,60,금작근,골담초근,"골담초근(骨膽草根), 금작근(金雀根), 금계아근(錦鷄兒根)"
65,60,금계아근,골담초근,"골담초근(骨膽草根), 금작근(金雀根), 금계아근(錦鷄兒根)"
66,60,골담초근,골담초근,"골담초근(骨膽草根),금작근(金雀根)"
66,60,금작근,골담초근,"골담초근(骨膽草根),금작근(金雀根)"
67,60,골담초근,골담초근,"골담초근(骨膽草根),금작근(金雀根)"
67,60,금작근,골담초근,"골담초근(骨膽草根),금작근(金雀根)"
68,61,골쇄보,골쇄보,골쇄보(骨碎補)
69,62,공로목,공로목,공로목(功勞木)
70,63,과루,과루,과루(瓜蔞)
71,64,과루피,과루피,과루피(瓜蔞皮)
72,65,과자금,과자금,과자금(瓜子金)
73,66,과체,과체,"과체(瓜蒂),과체(果蔕),참외꼭지"
73,66,과체,과체,"과체(瓜蒂),과체(果蔕),참외꼭지"
73,66,참외꼭지,과체,"과체(瓜蒂),과체(果蔕),참외꼭지"
74,67,곽향,곽향,"곽향(藿香), 토곽향(土藿香), 배초향(排草香), 방아풀"
74,67,토곽향,곽향,"곽향(藿香), 토곽향(土藿香), 배초향(排草香), 방아풀"
74,67,배초향,곽향,"곽향(藿香), 토곽향(土藿香), 배초향(排草香), 방아풀"
74,67,방아풀,곽향,"곽향(藿香), 토곽향(土藿香), 배초향(排草香), 방아풀"
75,68,관동화,관동화,"관동화(款冬花),관동화꽃망울"
75,68,관동화꽃망울,관동화,"관동화(款冬花),관동화꽃망울"
76,69,관목통,관목통,"관목통(關木通),등칡줄기,통탈목"
76,69,등칡줄기,관목통,"관목통(關木通),등칡줄기,통탈목"
76,69,통탈목,관목통,"관목통(關木通),등칡줄기,통탈목"
77,70,관엽금사도,관엽금사도,관엽금사도(貫葉金絲桃)
78,71,관중,관중,"관중(貫衆), 면마(綿馬), 면마관중(綿馬貫衆), 범고비뿌리줄기"
78,71,면마,관중,"관중(貫衆), 면마(綿馬), 면마관중(綿馬貫衆), 범고비뿌리줄기"
78,71,면마관중,관중,"관중(貫衆), 면마(綿馬), 면마관중(綿馬貫衆), 범고비뿌리줄기"
78,71,범고비뿌리줄기,관중,"관중(貫衆), 면마(綿馬), 면마관중(綿馬貫衆), 범고비뿌리줄기"
79,72,괄루근,괄루근,"괄루근(栝樓根), 천화분(天花粉), 하늘타리뿌리, 과루근"
79,72,천화분,괄루근,"괄루근(栝樓根), 천화분(天花粉), 하늘타리뿌리, 과루근"
79,72,하늘타리뿌리,괄루근,"괄루근(栝樓根), 천화분(天花粉), 하늘타리뿌리, 과루근"
79,72,과루근,괄루근,"괄루근(栝樓根), 천화분(天花粉), 하늘타리뿌리, 과루근"
80,72,괄루근,괄루근,"괄루근(栝樓根), 천화분(天花粉)"
80,72,천화분,괄루근,"괄루근(栝樓根), 천화분(天花粉)"
81,72,괄루근,괄루근,괄루근(栝樓根)
82,73,괄루인,괄루인,"괄루인(栝樓仁), 과루자(瓜蔞子), 하늘타리씨, 과루인"
82,73,과루자,괄루인,"괄루인(栝樓仁), 과루자(瓜蔞子), 하늘타리씨, 과루인"
82,73,하늘타리씨,괄루인,"괄루인(栝樓仁), 과루자(瓜蔞子), 하늘타리씨, 과루인"
82,73,과루인,괄루인,"괄루인(栝樓仁), 과루자(瓜蔞子), 하늘타리씨, 과루인"
83,73,괄루인,괄루인,"괄루인(栝樓仁), 과루자(瓜蔞子)"
83,73,과루자,괄루인,"괄루인(栝樓仁), 과루자(瓜蔞子)"
84,73,괄루인,괄루인,괄루인(栝樓仁)
85,74,광곽향,광곽향,"광곽향(廣藿香),곽향(藿香)"
85,74,곽향,광곽향,"광곽향(廣藿香),곽향(藿香)"
86,75,광금전초,광금전초,광금전초(廣金錢草)
87,367,산자고,산자고,"산자고(山慈姑), 광자고(光慈姑), 까치무릇비늘줄기"
87,367,광자고,산자고,"산자고(山慈姑), 광자고(光慈姑), 까치무릇비늘줄기"
87,367,까치무릇비늘줄기,산자고,"산자고(山慈姑), 광자고(光慈姑), 까치무릇비늘줄기"
88,77,괴각,괴각,"괴각(槐角),괴실(槐實),홰나무열매"
88,77,괴실,괴각,"괴각(槐角),괴실(槐實),홰나무열매"
88,77,홰나무열매,괴각,"괴각(槐角),괴실(槐實),홰나무열매"
89,78,괴지,괴지,괴지(槐枝)
90,79,괴화,괴화,"괴화(槐花),괴미(槐米),홰나무꽃망울"
90,79,괴미,괴화,"괴화(槐花),괴미(槐米),홰나무꽃망울"
90,79,홰나무꽃망울,괴화,"괴화(槐花),괴미(槐米),홰나무꽃망울"
91,80,교이,교이,"교이(膠飴),분말이(粉末飴)"
91,80,분말이,교이,"교이(膠飴),분말이(粉末飴)"
92,80,교이,교이,"교이(膠飴),분말이(粉末飴)"
92,80,분말이,교이,"교이(膠飴),분말이(粉末飴)"
93,80,교이,교이,"교이(膠飴),분말이(粉末飴)"
93,80,분말이,교이,"교이(膠飴),분말이(粉末飴)"
94,80,교이,교이,"교이(膠飴),분말이(粉末飴)"
94,80,분말이,교이,"교이(膠飴),분말이(粉末飴)"
95,80,교이,교이,"교이(膠飴),이당(飴糖),분말이(粉末飴)"
95,80,이당,교이,"교이(膠飴),이당(飴糖),분말이(粉末飴)"
95,80,분말이,교이,"교이(膠飴),이당(飴糖),분말이(粉末飴)"
96,80,교이,교이,"교이(膠飴),이당(飴糖)"
96,80,이당,교이,"교이(膠飴),이당(飴糖)"
97,81,구골엽,구골엽,구골엽(枸骨葉)
98,82,구기엽,구기엽,"구기엽(枸杞葉),구기자잎"
98,82,구기자잎,구기엽,"구기엽(枸杞葉),구기자잎"
99,83,구기자,구기자,구기자(枸杞子)
100,83,구기자,구기자,구기자(枸杞子)
101,84,구맥,구맥,"구맥(瞿麥),패랭이꽃"
101,84,패랭이꽃,구맥,"구맥(瞿麥),패랭이꽃"
102,84,구맥,구맥,"구맥(瞿麥),패랭이꽃"
102,84,패랭이꽃,구맥,"구맥(瞿麥),패랭이꽃"
103,84,구맥,구맥,구맥(瞿麥)
104,85,구자,구자,"구자(韮子), 가구자(家韮子), 구채자(韭菜子), 푸초씨"
104,85,가구자,구자,"구자(韮子), 가구자(家韮子), 구채자(韭菜子), 푸초씨"
104,85,구채자,구자,"구자(韮子), 가구자(家韮子), 구채자(韭菜子), 푸초씨"
104,85,푸초씨,구자,"구자(韮子), 가구자(家韮子), 구채자(韭菜子), 푸초씨"
105,86,구절초,구절초,구절초(九折草)
106,86,구절초,구절초,구절초(九折草)
107,87,구척,구척,구척(狗脊)
108,88,구필응,구필응,구필응(救必應)
109,89,국거,국거,국거(菊苣)
110,90,국화,국화,"국화(菊花),단국화,감국"
110,90,단국화,국화,"국화(菊花),단국화,감국"
110,90,감국,국화,"국화(菊花),단국화,감국"
111,91,권백,권백,권백(卷柏)
112,91,권백,권백,권백(卷柏)
113,92,권삼,권삼,"권삼(拳參),자삼(紫參)"
113,92,자삼,권삼,"권삼(拳參),자삼(紫參)"
114,92,권삼,권삼,"권삼(拳參),범꼬리풀뿌리줄기"
114,92,범꼬리풀뿌리줄기,권삼,"권삼(拳參),범꼬리풀뿌리줄기"
115,94,귀전우,귀전우,"귀전우(鬼箭羽),화살나무가지"
115,94,화살나무가지,귀전우,"귀전우(鬼箭羽),화살나무가지"
116,97,귤핵,귤핵,"귤핵(橘核), 귤자인(橘子仁), 귤인(橘仁)"
116,97,귤자인,귤핵,"귤핵(橘核), 귤자인(橘子仁), 귤인(橘仁)"
116,97,귤인,귤핵,"귤핵(橘核), 귤자인(橘子仁), 귤인(橘仁)"
117,98,귤홍,귤홍,귤홍(橘紅)
118,99,근골초,근골초,근골초(筋骨草)
119,101,금등롱,금등롱,"금등롱(錦燈籠), 괘금등(挂金燈), 꽈리, 산장"
119,101,괘금등,금등롱,"금등롱(錦燈籠), 괘금등(挂金燈), 꽈리, 산장"
119,101,꽈리,금등롱,"금등롱(錦燈籠), 괘금등(挂金燈), 꽈리, 산장"
119,101,산장,금등롱,"금등롱(錦燈籠), 괘금등(挂金燈), 꽈리, 산장"
120,102,금련화,금련화,금련화(金蓮花)
121,104,금비초,금비초,금비초(金沸草)
122,104,금비초,금비초,금비초(金沸草)
123,105,금사등,금사등,"금사등(金沙藤),해금사등(海金沙藤)"
123,105,해금사등,금사등,"금사등(金沙藤),해금사등(海金沙藤)"
124,106,금앵자,금앵자,금앵자(金櫻子)
125,107,금우초,금우초,금우초(金牛草)
126,108,금은화,금은화,"금은화(金銀花),인동덩굴꽃"
126,108,인동덩굴꽃,금은화,"금은화(金銀花),인동덩굴꽃"
127,109,금전초,금전초,금전초(金錢草)
128,110,급성자,급성자,"급성자(急性子),봉선자(鳳仙子)"
128,110,봉선자,급성자,"급성자(急性子),봉선자(鳳仙子)"
129,111,길경,길경,"길경(桔梗),길경근(桔梗根),도라지"
129,111,길경근,길경,"길경(桔梗),길경근(桔梗根),도라지"
129,111,도라지,길경,"길경(桔梗),길경근(桔梗根),도라지"
130,113,길초근,길초근,"길초근(吉草根), 힐초(纈草), 바구니나물뿌리, 길초"
130,113,힐초,길초근,"길초근(吉草根), 힐초(纈草), 바구니나물뿌리, 길초"
130,113,바구니나물뿌리,길초근,"길초근(吉草根), 힐초(纈草), 바구니나물뿌리, 길초"
130,113,길초,길초근,"길초근(吉草根), 힐초(纈草), 바구니나물뿌리, 길초"
131,113,길초근,길초근,길초근(吉草根)
133,116,나도근,나도근,"나도근(糯稻根), 나도근수(糯稻根鬚)"
133,116,나도근수,나도근,"나도근(糯稻根), 나도근수(糯稻根鬚)"
134,117,나래박쥐나물,나래박쥐나물,나래박쥐나물
135,118,낙석등,낙석등,낙석등(絡石藤)
136,118,낙석등,낙석등,낙석등(絡石藤)
137,119,낙신부,낙신부,"낙신부(落新婦),노루풀뿌리"
137,119,노루풀뿌리,낙신부,"낙신부(落新婦),노루풀뿌리"
138,120,낙화생유,낙화생유,낙화생유(落花生油)
139,121,남과인,남과인,"남과인(南瓜仁),호박씨"
139,121,호박씨,남과인,"남과인(南瓜仁),호박씨"
140,122,남사등,남사등,남사등(南蛇藤)
141,123,남천선자,남천선자,남천선자(南天仙子)
142,124,남천실,남천실,"남천실(南天實), 천축자(天竺子)"
142,124,천축자,남천실,"남천실(南天實), 천축자(天竺子)"
143,125,남포정,남포정,남포정(藍布正)
144,126,남학슬,남학슬,남학슬(南鶴虱)
145,127,낭독,낭독,"낭독(狼毒), 낭독대극(狼毒大戟), 오독도기뿌리, 랑독"
145,127,낭독대극,낭독,"낭독(狼毒), 낭독대극(狼毒大戟), 오독도기뿌리, 랑독"
145,127,오독도기뿌리,낭독,"낭독(狼毒), 낭독대극(狼毒大戟), 오독도기뿌리, 랑독"
145,127,랑독,낭독,"낭독(狼毒), 낭독대극(狼毒大戟), 오독도기뿌리, 랑독"
146,127,낭독,낭독,"낭독(狼毒), 낭독대극(狼毒大戟)"
146,127,낭독대극,낭독,"낭독(狼毒), 낭독대극(狼毒大戟)"
147,447,스코폴리아근,스코폴리아근,"스코폴리아근, 낭탕근(莨菪根)"
147,447,낭탕근,스코폴리아근,"스코폴리아근, 낭탕근(莨菪根)"
148,447,스코폴리아근,스코폴리아근,"스코폴리아근, 낭탕근(莨菪根)"
148,447,낭탕근,스코폴리아근,"스코폴리아근, 낭탕근(莨菪根)"
150,129,내복자,내복자,"내복자(萊菔子),무우씨,라복자"
150,129,무우씨,내복자,"내복자(萊菔子),무우씨,라복자"
150,129,라복자,내복자,"내복자(萊菔子),무우씨,라복자"
151,130,냉초,냉초,"냉초(冷草), 냉초뿌리, 초본위령선(草本威靈仙)"
151,130,냉초뿌리,냉초,"냉초(冷草), 냉초뿌리, 초본위령선(草本威靈仙)"
151,130,초본위령선,냉초,"냉초(冷草), 냉초뿌리, 초본위령선(草本威靈仙)"
152,132,노근,노근,"노근(蘆根),노모근(蘆茅根),갈뿌리,로근"
152,132,노모근,노근,"노근(蘆根),노모근(蘆茅根),갈뿌리,로근"
152,132,갈뿌리,노근,"노근(蘆根),노모근(蘆茅根),갈뿌리,로근"
152,132,로근,노근,"노근(蘆根),노모근(蘆茅根),갈뿌리,로근"
153,133,노로통,노로통,노로통(路路通)
154,135,노회,노회,"노회(蘆薈),알로에,로회"
154,135,알로에,노회,"노회(蘆薈),알로에,로회"
154,135,로회,노회,"노회(蘆薈),알로에,로회"
155,135,노회,노회,"노회(蘆薈),알로에,로회"
155,135,알로에,노회,"노회(蘆薈),알로에,로회"
155,135,로회,노회,"노회(蘆薈),알로에,로회"
156,135,노회,노회,"노회(蘆薈),알로에"
156,135,알로에,노회,"노회(蘆薈),알로에"
157,135,노회,노회,"노회(蘆薈),알로에"
157,135,알로에,노회,"노회(蘆薈),알로에"
158,468,알로에 전잎,알로에 전잎,알로에 전잎
159,138,녹두,녹두,"녹두(綠豆),청소두(靑小豆),록두"
159,138,청소두,녹두,"녹두(綠豆),청소두(靑小豆),록두"
159,138,록두,녹두,"녹두(綠豆),청소두(靑小豆),록두"
160,142,녹제초,녹제초,"녹제초(鹿蹄草), 동록(冬綠), 파혈단(破血丹), 녹함초(鹿銜草)"
160,142,동록,녹제초,"녹제초(鹿蹄草), 동록(冬綠), 파혈단(破血丹), 녹함초(鹿銜草)"
160,142,파혈단,녹제초,"녹제초(鹿蹄草), 동록(冬綠), 파혈단(破血丹), 녹함초(鹿銜草)"
160,142,녹함초,녹제초,"녹제초(鹿蹄草), 동록(冬綠), 파혈단(破血丹), 녹함초(鹿銜草)"
165,143,녹총,녹총,"녹총(鹿葱),상사화비늘줄기,리별초"
165,143,상사화비늘줄기,녹총,"녹총(鹿葱),상사화비늘줄기,리별초"
165,143,리별초,녹총,"녹총(鹿葱),상사화비늘줄기,리별초"
166,146,누로,누로,"누로(漏蘆),뻐꾹채뿌리,루로"
166,146,뻐꾹채뿌리,누로,"누로(漏蘆),뻐꾹채뿌리,루로"
166,146,루로,누로,"누로(漏蘆),뻐꾹채뿌리,루로"
167,146,누로,누로,누로(漏蘆)
168,146,누로,누로,"누로(漏蘆), 우주누로(禹州漏蘆)"
168,146,우주누로,누로,"누로(漏蘆), 우주누로(禹州漏蘆)"
169,147,누호,누호,누호(蔞蒿)
170,148,능소화,능소화,"능소화(凌霄花),타태화(墮胎花)"
170,148,타태화,능소화,"능소화(凌霄花),타태화(墮胎花)"
171,148,능소화,능소화,"능소화(凌霄花),타태화(墮胎花)"
171,148,타태화,능소화,"능소화(凌霄花),타태화(墮胎花)"
172,149,능실,능실,"능실(菱實),능각(菱角)"
172,149,능각,능실,"능실(菱實),능각(菱角)"
173,149,능실,능실,"능실(菱實),능각(菱角)"
173,149,능각,능실,"능실(菱實),능각(菱角)"
174,149,능실,능실,"능실(菱實),능각(菱角)"
174,149,능각,능실,"능실(菱實),능각(菱角)"
175,153,단삼,단삼,단삼(丹參)
176,157,담죽엽,담죽엽,"담죽엽(淡竹葉),조릿대풀"
176,157,조릿대풀,담죽엽,"담죽엽(淡竹葉),조릿대풀"
177,588,일당귀,일당귀,"일당귀(日當歸),당귀(當歸),재배당귀,동당귀(東當歸)"
177,588,당귀,일당귀,"일당귀(日當歸),당귀(當歸),재배당귀,동당귀(東當歸)"
177,588,재배당귀,일당귀,"일당귀(日當歸),당귀(當歸),재배당귀,동당귀(東當歸)"
177,588,동당귀,일당귀,"일당귀(日當歸),당귀(當歸),재배당귀,동당귀(東當歸)"
178,159,당삼,당삼,"당삼(黨參),만삼,삼승더덕"
178,159,만삼,당삼,"당삼(黨參),만삼,삼승더덕"
178,159,삼승더덕,당삼,"당삼(黨參),만삼,삼승더덕"
179,159,당삼,당삼,당삼(黨參)
180,160,당약,당약,당약(當藥)
181,160,당약,당약,당약(當藥)
182,161,대계,대계,"대계(大薊),엉겅퀴"
182,161,엉겅퀴,대계,"대계(大薊),엉겅퀴"
183,161,대계,대계,대계(大薊)
185,161,대계,대계,대계(大薊)
186,161,대계,대계,대계(大薊)
187,161,대계,대계,대계(大薊)
188,161,대계,대계,대계(大薊)
189,161,대계,대계,대계(大薊)
190,162,대극,대극,"대극(大戟),경대극(京大戟),버들옻뿌리"
190,162,경대극,대극,"대극(大戟),경대극(京大戟),버들옻뿌리"
190,162,버들옻뿌리,대극,"대극(大戟),경대극(京大戟),버들옻뿌리"
191,163,대두황권,대두황권,대두황권(大豆黃卷)
192,163,대두황권,대두황권,"대두황권(大豆黃卷),갯완두싹"
192,163,갯완두싹,대두황권,"대두황권(大豆黃卷),갯완두싹"
193,164,대맥,대맥,대맥(大麥)
194,165,대복피,대복피,"대복피(大腹皮),대복모(大腹毛)"
194,165,대복모,대복피,"대복피(大腹皮),대복모(大腹毛)"
195,166,대산,대산,"대산(大蒜),호산(葫蒜),마늘"
195,166,호산,대산,"대산(大蒜),호산(葫蒜),마늘"
195,166,마늘,대산,"대산(大蒜),호산(葫蒜),마늘"
196,167,대엽자,대엽자,"대엽자(大葉子),골병풍뿌리줄기"
196,167,골병풍뿌리줄기,대엽자,"대엽자(大葉子),골병풍뿌리줄기"
197,171,대추,대추,"대추,대조(大棗)"
197,171,대조,대추,"대추,대조(大棗)"
198,171,대추,대추,"대추,대조(大棗)"
198,171,대조,대추,"대추,대조(大棗)"
199,169,대조엽,대조엽,대조엽(大棗葉)
200,170,대청엽,대청엽,"대청엽(大靑葉),대청잎"
200,170,대청잎,대청엽,"대청엽(大靑葉),대청잎"
201,170,대청엽,대청엽,대청엽(大靑葉)
202,172,대풍자,대풍자,"대풍자(大風子),대풍자인(大風子仁)"
202,172,대풍자인,대풍자,"대풍자(大風子),대풍자인(大風子仁)"
203,173,대황,대황,대황(大黃)
204,173,대황,대황,대황(大黃)
205,173,대황,대황,대황(大黃)
206,173,대황,대황,대황(大黃)
207,178,도두,도두,도두(刀豆)
208,179,도인,도인,"도인(桃仁),복숭아씨"
208,179,복숭아씨,도인,"도인(桃仁),복숭아씨"
209,179,도인,도인,도인(桃仁)
210,180,도지,도지,도지(桃枝)
211,182,도화,도화,"도화(桃花),복숭아꽃,백도화"
211,182,복숭아꽃,도화,"도화(桃花),복숭아꽃,백도화"
211,182,백도화,도화,"도화(桃花),복숭아꽃,백도화"
212,183,독활,독활,"독활(獨活), 따두릅뿌리 ,장백총목(長白楤木)"
212,183,따두릅뿌리,독활,"독활(獨活), 따두릅뿌리 ,장백총목(長白楤木)"
212,183,장백총목,독활,"독활(獨活), 따두릅뿌리 ,장백총목(長白楤木)"
213,183,독활,독활,독활(獨活)
214,186,동과자,동과자,"동과자(冬瓜子), 동과인(冬瓜仁), 백과자(白瓜子), 동과씨, 동아씨"
214,186,동과인,동과자,"동과자(冬瓜子), 동과인(冬瓜仁), 백과자(白瓜子), 동과씨, 동아씨"
214,186,백과자,동과자,"동과자(冬瓜子), 동과인(冬瓜仁), 백과자(白瓜子), 동과씨, 동아씨"
214,186,동과씨,동과자,"동과자(冬瓜子), 동과인(冬瓜仁), 백과자(白瓜子), 동과씨, 동아씨"
214,186,동아씨,동과자,"동과자(冬瓜子), 동과인(冬瓜仁), 백과자(白瓜子), 동과씨, 동아씨"
215,187,동과피,동과피,동과피(冬瓜皮)
216,188,동규자,동규자,"동규자(冬葵子), 동규과(冬葵果), 활규자(滑葵子), 아욱씨"
216,188,동규과,동규자,"동규자(冬葵子), 동규과(冬葵果), 활규자(滑葵子), 아욱씨"
216,188,활규자,동규자,"동규자(冬葵子), 동규과(冬葵果), 활규자(滑葵子), 아욱씨"
216,188,아욱씨,동규자,"동규자(冬葵子), 동규과(冬葵果), 활규자(滑葵子), 아욱씨"
217,190,동백유,동백유,"동백유(冬柏油),춘유(椿油)"
217,190,춘유,동백유,"동백유(冬柏油),춘유(椿油)"
218,191,동엽,동엽,동엽(桐葉)
219,194,두송실,두송실,"두송실(杜松實),노가지열매"
219,194,노가지열매,두송실,"두송실(杜松實),노가지열매"
220,195,두시,두시,"두시(豆豉), 향시(香豉), 담시(淡豉), 담두시(淡豆豉)"
220,195,향시,두시,"두시(豆豉), 향시(香豉), 담시(淡豉), 담두시(淡豆豉)"
220,195,담시,두시,"두시(豆豉), 향시(香豉), 담시(淡豉), 담두시(淡豆豉)"
220,195,담두시,두시,"두시(豆豉), 향시(香豉), 담시(淡豉), 담두시(淡豆豉)"
221,196,두시강,두시강,두시강(豆豉薑)
222,197,두유,두유,두유(豆油)
223,198,두충,두충,"두충(杜仲), 두중, 두충껍질"
223,198,두중,두충,"두충(杜仲), 두중, 두충껍질"
223,198,두충껍질,두충,"두충(杜仲), 두중, 두충껍질"
224,201,두충엽,두충엽,"두충엽(杜仲葉), 두중엽, 두충잎"
224,201,두중엽,두충엽,"두충엽(杜仲葉), 두중엽, 두충잎"
224,201,두충잎,두충엽,"두충엽(杜仲葉), 두중엽, 두충잎"
225,203,두화료,두화료,두화료(頭花蓼)
226,204,등심초,등심초,"등심초(燈心草), 골풀속살, 등심"
226,204,골풀속살,등심초,"등심초(燈心草), 골풀속살, 등심"
226,204,등심,등심초,"등심초(燈心草), 골풀속살, 등심"
227,205,등피,등피,등피(橙皮)
228,206,등황,등황,등황(藤黃)
229,211,마두령,마두령,"마두령(馬兜鈴),방울풀열매"
229,211,방울풀열매,마두령,"마두령(馬兜鈴),방울풀열매"
230,212,마미련,마미련,마미련(馬尾連)
231,214,참기름,참기름,"참기름, 호마유(胡麻油), 참깨기름"
231,214,호마유,참기름,"참기름, 호마유(胡麻油), 참깨기름"
231,214,참깨기름,참기름,"참기름, 호마유(胡麻油), 참깨기름"
232,215,마인,마인,"마인(麻仁), 화마인(火麻仁), 마자인(麻子仁), 역삼열매"
232,215,화마인,마인,"마인(麻仁), 화마인(火麻仁), 마자인(麻子仁), 역삼열매"
232,215,마자인,마인,"마인(麻仁), 화마인(火麻仁), 마자인(麻子仁), 역삼열매"
232,215,역삼열매,마인,"마인(麻仁), 화마인(火麻仁), 마자인(麻子仁), 역삼열매"
233,216,마전자,마전자,"마전자(馬錢子), 호미카"
233,216,호미카,마전자,"마전자(馬錢子), 호미카"
234,217,마치현,마치현,"마치현(馬齒莧),쇠비름"
234,217,쇠비름,마치현,"마치현(馬齒莧),쇠비름"
235,218,마편초,마편초,"마편초(馬鞭草),말초리풀"
235,218,말초리풀,마편초,"마편초(馬鞭草),말초리풀"
236,219,마황,마황,마황(麻黃)
237,219,마황,마황,마황(麻黃)
238,219,마황,마황,마황(麻黃)
239,220,마황근,마황근,마황근(麻黃根)
240,220,마황근,마황근,마황근(麻黃根)
241,221,만병초엽,만병초엽,"만병초엽(萬病草葉),큰만병초잎,만병초"
241,221,큰만병초잎,만병초엽,"만병초엽(萬病草葉),큰만병초잎,만병초"
241,221,만병초,만병초엽,"만병초엽(萬病草葉),큰만병초잎,만병초"
242,222,만산홍,만산홍,만산홍(滿山紅)
243,152,다투라,다투라,"다투라, 만다라엽(曼陀羅葉), 만타라엽, 독말풀잎"
243,152,만다라엽,다투라,"다투라, 만다라엽(曼陀羅葉), 만타라엽, 독말풀잎"
243,152,만타라엽,다투라,"다투라, 만다라엽(曼陀羅葉), 만타라엽, 독말풀잎"
243,152,독말풀잎,다투라,"다투라, 만다라엽(曼陀羅葉), 만타라엽, 독말풀잎"
244,152,다투라,다투라,"다투라, 만다라엽(曼陀羅葉), 만타라엽, 독말풀잎"
244,152,만다라엽,다투라,"다투라, 만다라엽(曼陀羅葉), 만타라엽, 독말풀잎"
244,152,만타라엽,다투라,"다투라, 만다라엽(曼陀羅葉), 만타라엽, 독말풀잎"
244,152,독말풀잎,다투라,"다투라, 만다라엽(曼陀羅葉), 만타라엽, 독말풀잎"
245,152,다투라,다투라,"다투라, 만다라엽(曼陀羅葉), 만타라엽, 독말풀잎"
245,152,만다라엽,다투라,"다투라, 만다라엽(曼陀羅葉), 만타라엽, 독말풀잎"
245,152,만타라엽,다투라,"다투라, 만다라엽(曼陀羅葉), 만타라엽, 독말풀잎"
245,152,독말풀잎,다투라,"다투라, 만다라엽(曼陀羅葉), 만타라엽, 독말풀잎"
246,223,만타라자,만타라자,"만타라자(曼陀羅子),독말풀씨"
246,223,독말풀씨,만타라자,"만타라자(曼陀羅子),독말풀씨"
247,223,만타라자,만타라자,"만타라자(曼陀羅子),독말풀씨"
247,223,독말풀씨,만타라자,"만타라자(曼陀羅子),독말풀씨"
248,990,만다라자,만다라자,만다라자(曼陀羅子)
249,224,만형자,만형자,"만형자(蔓荊子),순비기열매"
249,224,순비기열매,만형자,"만형자(蔓荊子),순비기열매"
250,224,만형자,만형자,만형자(蔓荊子)
251,225,만형자근,만형자근,만형자근(蔓荊子根)
252,225,만형자근,만형자근,만형자근(蔓荊子根)
253,226,망강남자,망강남자,"망강남자(望江南子),석결명씨,망강남"
253,226,석결명씨,망강남자,"망강남자(望江南子),석결명씨,망강남"
253,226,망강남,망강남자,"망강남자(望江南子),석결명씨,망강남"
254,227,망사초,망사초,"망사초(蟒蛇草),진교뿌리"
254,227,진교뿌리,망사초,"망사초(蟒蛇草),진교뿌리"
255,227,망사초,망사초,"망사초(蟒蛇草),진교뿌리"
255,227,진교뿌리,망사초,"망사초(蟒蛇草),진교뿌리"
256,229,매괴화,매괴화,"매괴화(玫瑰花),홍매괴(紅玫瑰)"
256,229,홍매괴,매괴화,"매괴화(玫瑰花),홍매괴(紅玫瑰)"
257,230,매화,매화,매화(梅花)
258,231,맥문동,맥문동,"맥문동(麥門冬), 산맥동(山麥冬), 토맥동(土麥冬)"
258,231,산맥동,맥문동,"맥문동(麥門冬), 산맥동(山麥冬), 토맥동(土麥冬)"
258,231,토맥동,맥문동,"맥문동(麥門冬), 산맥동(山麥冬), 토맥동(土麥冬)"
259,231,맥문동,맥문동,"맥문동(麥門冬),맥동(麥冬)"
259,231,맥동,맥문동,"맥문동(麥門冬),맥동(麥冬)"
260,360,산맥동,산맥동,산맥동(山麥冬)
261,232,맥아,맥아,"맥아(麥芽),곡맥(谷麥),보리길금"
261,232,곡맥,맥아,"맥아(麥芽),곡맥(谷麥),보리길금"
261,232,보리길금,맥아,"맥아(麥芽),곡맥(谷麥),보리길금"
262,234,면근피,면근피,"면근피(棉根皮),목화뿌리껍질"
262,234,목화뿌리껍질,면근피,"면근피(棉根皮),목화뿌리껍질"
263,235,면실자,면실자,"면실자(棉實子), 면화자(棉花子), 목면자(木棉子)"
263,235,면화자,면실자,"면실자(棉實子), 면화자(棉花子), 목면자(木棉子)"
263,235,목면자,면실자,"면실자(棉實子), 면화자(棉花子), 목면자(木棉子)"
264,236,모국,모국,"모국(母菊),향사과풀꽃,카모밀라꽃"
264,236,향사과풀꽃,모국,"모국(母菊),향사과풀꽃,카모밀라꽃"
264,236,카모밀라꽃,모국,"모국(母菊),향사과풀꽃,카모밀라꽃"
265,237,모근,모근,"모근(茅根),백모근(白茅根),띠뿌리"
265,237,백모근,모근,"모근(茅根),백모근(白茅根),띠뿌리"
265,237,띠뿌리,모근,"모근(茅根),백모근(白茅根),띠뿌리"
266,244,목단피,목단피,"목단피(牡丹皮), 모란피, 모란뿌리껍질"
266,244,모란피,목단피,"목단피(牡丹皮), 모란피, 모란뿌리껍질"
266,244,모란뿌리껍질,목단피,"목단피(牡丹皮), 모란피, 모란뿌리껍질"
267,240,모매근,모매근,모매근(茅莓根)
268,241,모정향,모정향,모정향(母丁香)
269,242,모과,모과,"모과(木瓜), 목과, 목과실(木瓜實), 모과열매"
269,242,목과,모과,"모과(木瓜), 목과, 목과실(木瓜實), 모과열매"
269,242,목과실,모과,"모과(木瓜), 목과, 목과실(木瓜實), 모과열매"
269,242,모과열매,모과,"모과(木瓜), 목과, 목과실(木瓜實), 모과열매"
270,242,모과,모과,"모과(木瓜), 목과, 목과실(木瓜實), 모과열매"
270,242,목과,모과,"모과(木瓜), 목과, 목과실(木瓜實), 모과열매"
270,242,목과실,모과,"모과(木瓜), 목과, 목과실(木瓜實), 모과열매"
270,242,모과열매,모과,"모과(木瓜), 목과, 목과실(木瓜實), 모과열매"
271,243,목근피,목근피,"목근피(木槿皮),천근피(川槿皮)"
271,243,천근피,목근피,"목근피(木槿皮),천근피(川槿皮)"
272,246,목방기,목방기,"목방기(木防己),댕댕이덩굴뿌리"
272,246,댕댕이덩굴뿌리,목방기,"목방기(木防己),댕댕이덩굴뿌리"
273,247,목별자,목별자,"목별자(木鼈子),목해(木蟹)"
273,247,목해,목별자,"목별자(木鼈子),목해(木蟹)"
274,248,목부용엽,목부용엽,목부용엽(木芙蓉葉)
275,249,목적,목적,"목적(木賊),속새"
275,249,속새,목적,"목적(木賊),속새"
276,250,목천료,목천료,"목천료(木天蓼), 천료(天蓼), 등천료(藤天蓼), 천료목(天蓼木), 목천료자(木天蓼子)"
276,250,천료,목천료,"목천료(木天蓼), 천료(天蓼), 등천료(藤天蓼), 천료목(天蓼木), 목천료자(木天蓼子)"
276,250,등천료,목천료,"목천료(木天蓼), 천료(天蓼), 등천료(藤天蓼), 천료목(天蓼木), 목천료자(木天蓼子)"
276,250,천료목,목천료,"목천료(木天蓼), 천료(天蓼), 등천료(藤天蓼), 천료목(天蓼木), 목천료자(木天蓼子)"
276,250,목천료자,목천료,"목천료(木天蓼), 천료(天蓼), 등천료(藤天蓼), 천료목(天蓼木), 목천료자(木天蓼子)"
277,250,목천료,목천료,"목천료(木天蓼), 천료(天蓼), 등천료(藤天蓼), 천료목(天蓼木), 목천료자(木天蓼子)"
277,250,천료,목천료,"목천료(木天蓼), 천료(天蓼), 등천료(藤天蓼), 천료목(天蓼木), 목천료자(木天蓼子)"
277,250,등천료,목천료,"목천료(木天蓼), 천료(天蓼), 등천료(藤天蓼), 천료목(天蓼木), 목천료자(木天蓼子)"
277,250,천료목,목천료,"목천료(木天蓼), 천료(天蓼), 등천료(藤天蓼), 천료목(天蓼木), 목천료자(木天蓼子)"
277,250,목천료자,목천료,"목천료(木天蓼), 천료(天蓼), 등천료(藤天蓼), 천료목(天蓼木), 목천료자(木天蓼子)"
278,251,나무타르,나무타르,"나무타르, 목타르"
278,251,목타르,나무타르,"나무타르, 목타르"
279,251,나무타르,나무타르,"나무타르, 목타르"
279,251,목타르,나무타르,"나무타르, 목타르"
280,251,나무타르,나무타르,"나무타르, 목타르"
280,251,목타르,나무타르,"나무타르, 목타르"
281,251,나무타르,나무타르,"나무타르, 목타르"
281,251,목타르,나무타르,"나무타르, 목타르"
282,251,나무타르,나무타르,"나무타르, 목타르"
282,251,목타르,나무타르,"나무타르, 목타르"
283,251,나무타르,나무타르,"나무타르, 목타르"
283,251,목타르,나무타르,"나무타르, 목타르"
284,251,나무타르,나무타르,"나무타르, 목타르"
284,251,목타르,나무타르,"나무타르, 목타르"
285,251,나무타르,나무타르,"나무타르, 목타르"
285,251,목타르,나무타르,"나무타르, 목타르"
286,251,나무타르,나무타르,"나무타르, 목타르"
286,251,목타르,나무타르,"나무타르, 목타르"
287,251,나무타르,나무타르,"나무타르, 목타르"
287,251,목타르,나무타르,"나무타르, 목타르"
288,251,나무타르,나무타르,"나무타르, 목타르"
288,251,목타르,나무타르,"나무타르, 목타르"
289,251,나무타르,나무타르,"나무타르, 목타르"
289,251,목타르,나무타르,"나무타르, 목타르"
290,251,나무타르,나무타르,"나무타르, 목타르"
290,251,목타르,나무타르,"나무타르, 목타르"
291,252,목통,목통,"목통(木通),으름덩굴줄기"
291,252,으름덩굴줄기,목통,"목통(木通),으름덩굴줄기"
292,253,목향,목향,"목향(木香), 광목향(廣木香), 운목향(雲木香)"
292,253,광목향,목향,"목향(木香), 광목향(廣木香), 운목향(雲木香)"
292,253,운목향,목향,"목향(木香), 광목향(廣木香), 운목향(雲木香)"
293,254,몰약,몰약,몰약(沒藥)
294,255,묘조초,묘조초,묘조초(猫爪草)
295,256,무이,무이,"무이(蕪荑),무이인(蕪荑仁)"
295,256,무이인,무이,"무이(蕪荑),무이인(蕪荑仁)"
296,256,무이,무이,"무이(蕪荑),무이인(蕪荑仁)"
296,256,무이인,무이,"무이(蕪荑),무이인(蕪荑仁)"
297,256,무이,무이,"무이(蕪荑),무이인(蕪荑仁)"
297,256,무이인,무이,"무이(蕪荑),무이인(蕪荑仁)"
298,256,무이,무이,"무이(蕪荑),무이인(蕪荑仁)"
298,256,무이인,무이,"무이(蕪荑),무이인(蕪荑仁)"
299,256,무이,무이,"무이(蕪荑),무이인(蕪荑仁)"
299,256,무이인,무이,"무이(蕪荑),무이인(蕪荑仁)"
300,256,무이,무이,"무이(蕪荑),무이인(蕪荑仁)"
300,256,무이인,무이,"무이(蕪荑),무이인(蕪荑仁)"
301,258,무환자과,무환자과,무환자과(無患子果)
302,260,문형,문형,"문형(問荊),쇠뜨기"
302,260,쇠뜨기,문형,"문형(問荊),쇠뜨기"
304,266,밀몽화,밀몽화,밀몽화(密蒙花)
305,268,박락회,박락회,"박락회(博落回),죽사초잎"
305,268,죽사초잎,박락회,"박락회(博落回),죽사초잎"
306,269,박속,박속,"박속(樸樕), 상목피(橡木皮)"
306,269,상목피,박속,"박속(樸樕), 상목피(橡木皮)"
307,269,박속,박속,박속(樸樕)
308,269,박속,박속,박속(樸樕)
309,269,박속,박속,박속(樸樕)
310,270,박하,박하,박하(薄荷)
311,271,박하유,박하유,"박하유(薄荷油), 박하정유, 박하기름"
311,271,박하정유,박하유,"박하유(薄荷油), 박하정유, 박하기름"
311,271,박하기름,박하유,"박하유(薄荷油), 박하정유, 박하기름"
312,272,반대해,반대해,반대해(胖大海)
313,274,반변련,반변련,반변련(半邊蓮)
314,275,반지련,반지련,반지련(半枝蓮)
315,276,반하,반하,"반하(半夏),끼무릇"
315,276,끼무릇,반하,"반하(半夏),끼무릇"
316,278,반혼초,반혼초,반혼초(返魂草)
317,279,오우,오우,"오우(烏芋), 발제분(荸薺粉)"
317,279,발제분,오우,"오우(烏芋), 발제분(荸薺粉)"
318,280,방기,방기,"방기(防己), 청풍등(靑風藤), 방이(防已)"
318,280,청풍등,방기,"방기(防己), 청풍등(靑風藤), 방이(防已)"
318,280,방이,방기,"방기(防己), 청풍등(靑風藤), 방이(防已)"
319,281,방풍,방풍,"방풍(防風),산방풍"
319,281,산방풍,방풍,"방풍(防風),산방풍"
320,283,백과,백과,"백과(白果), 은행(銀杏), 은행씨"
320,283,은행,백과,"백과(白果), 은행(銀杏), 은행씨"
320,283,은행씨,백과,"백과(白果), 은행(銀杏), 은행씨"
321,284,백굴채,백굴채,백굴채(白屈菜)
322,285,백급,백급,"백급(白芨),대암풀뿌리"
322,285,대암풀뿌리,백급,"백급(白芨),대암풀뿌리"
323,286,백단향,백단향,"백단향(白檀香), 단향(檀香)"
323,286,단향,백단향,"백단향(白檀香), 단향(檀香)"
324,287,백두구,백두구,"백두구(白豆蔲),두구(豆蔻)"
324,287,두구,백두구,"백두구(白豆蔲),두구(豆蔻)"
325,979,두구,두구,"두구(豆蔻), 백두구(白豆蔲), 백두구열매"
325,979,백두구,두구,"두구(豆蔻), 백두구(白豆蔲), 백두구열매"
325,979,백두구열매,두구,"두구(豆蔻), 백두구(白豆蔲), 백두구열매"
326,288,백두옹,백두옹,"백두옹(白頭翁),노고초(老姑草),할미꽃뿌리"
326,288,노고초,백두옹,"백두옹(白頭翁),노고초(老姑草),할미꽃뿌리"
326,288,할미꽃뿌리,백두옹,"백두옹(白頭翁),노고초(老姑草),할미꽃뿌리"
327,288,백두옹,백두옹,"백두옹(白頭翁),노고초(老姑草)"
327,288,노고초,백두옹,"백두옹(白頭翁),노고초(老姑草)"
328,289,백렴,백렴,"백렴(白蘞),가위톱뿌리"
328,289,가위톱뿌리,백렴,"백렴(白蘞),가위톱뿌리"
329,291,백미,백미,"백미(白薇),백미뿌리,아마존"
329,291,백미뿌리,백미,"백미(白薇),백미뿌리,아마존"
329,291,아마존,백미,"백미(白薇),백미뿌리,아마존"
330,291,백미,백미,백미(白薇)
331,293,백부근,백부근,"백부근(百部根),백부(百部),백부뿌리"
331,293,백부,백부근,"백부근(百部根),백부(百部),백부뿌리"
331,293,백부뿌리,백부근,"백부근(百部根),백부(百部),백부뿌리"
332,293,백부근,백부근,"백부근(百部根),백부(百部),백부뿌리"
332,293,백부,백부근,"백부근(百部根),백부(百部),백부뿌리"
332,293,백부뿌리,백부근,"백부근(百部根),백부(百部),백부뿌리"
333,293,백부근,백부근,"백부근(百部根),백부(百部)"
333,293,백부,백부근,"백부근(百部根),백부(百部)"
334,294,백부자,백부자,"백부자(白附子), 관백부(關白附), 노랑돌쩌귀풀"
334,294,관백부,백부자,"백부자(白附子), 관백부(關白附), 노랑돌쩌귀풀"
334,294,노랑돌쩌귀풀,백부자,"백부자(白附子), 관백부(關白附), 노랑돌쩌귀풀"
336,296,백선피,백선피,"백선피(白鮮皮),백선뿌리껍질"
336,296,백선뿌리껍질,백선피,"백선피(白鮮皮),백선뿌리껍질"
337,297,백수오,백수오,"백수오(白首烏), 은조롱뿌리, 백하수오, 격산소(隔山消)"
337,297,은조롱뿌리,백수오,"백수오(白首烏), 은조롱뿌리, 백하수오, 격산소(隔山消)"
337,297,백하수오,백수오,"백수오(白首烏), 은조롱뿌리, 백하수오, 격산소(隔山消)"
337,297,격산소,백수오,"백수오(白首烏), 은조롱뿌리, 백하수오, 격산소(隔山消)"
338,1024,물황철싹눈,물황철싹눈,물황철싹눈
339,298,백양,백양,"백양(白楊), 뽀뿌라싹눈"
339,298,뽀뿌라싹눈,백양,"백양(白楊), 뽀뿌라싹눈"
340,298,백양,백양,"백양(白楊), 뽀뿌라싹눈"
340,298,뽀뿌라싹눈,백양,"백양(白楊), 뽀뿌라싹눈"
341,298,백양,백양,"백양(白楊), 뽀뿌라싹눈"
341,298,뽀뿌라싹눈,백양,"백양(白楊), 뽀뿌라싹눈"
342,298,백양,백양,"백양(白楊), 뽀뿌라싹눈"
342,298,뽀뿌라싹눈,백양,"백양(白楊), 뽀뿌라싹눈"
343,299,백양수피,백양수피,"백양수피(白楊樹皮),사시나무껍질"
343,299,사시나무껍질,백양수피,"백양수피(白楊樹皮),사시나무껍질"
344,300,백영,백영,백영(白英)
345,301,백자인,백자인,"백자인(柏子仁),측백씨"
345,301,측백씨,백자인,"백자인(柏子仁),측백씨"
346,302,백전,백전,"백전(白前), 석람(石藍), 수약(嗽藥)"
346,302,석람,백전,"백전(白前), 석람(石藍), 수약(嗽藥)"
346,302,수약,백전,"백전(白前), 석람(石藍), 수약(嗽藥)"
347,302,백전,백전,"백전(白前), 석람(石藍), 수약(嗽藥)"
347,302,석람,백전,"백전(白前), 석람(石藍), 수약(嗽藥)"
347,302,수약,백전,"백전(白前), 석람(石藍), 수약(嗽藥)"
348,303,백지,백지,"백지(白芷),구릿대뿌리"
348,303,구릿대뿌리,백지,"백지(白芷),구릿대뿌리"
349,303,백지,백지,백지(白芷)
350,305,백출,백출,"백출(白朮),흰삽주"
350,305,흰삽주,백출,"백출(白朮),흰삽주"
351,305,백출,백출,백출(白朮)
352,307,백편두,백편두,"백편두(白扁豆), 까치콩, 흑편두"
352,307,까치콩,백편두,"백편두(白扁豆), 까치콩, 흑편두"
352,307,흑편두,백편두,"백편두(白扁豆), 까치콩, 흑편두"
353,308,백포도건,백포도건,백포도건(白葡萄乾)
354,309,백합,백합,"백합(百合), 나리비늘줄기, 나리"
354,309,나리비늘줄기,백합,"백합(百合), 나리비늘줄기, 나리"
354,309,나리,백합,"백합(百合), 나리비늘줄기, 나리"
355,309,백합,백합,백합(百合)
356,309,백합,백합,백합(百合)
357,309,백합,백합,"백합(百合), 나리비늘줄기, 나리"
357,309,나리비늘줄기,백합,"백합(百合), 나리비늘줄기, 나리"
357,309,나리,백합,"백합(百合), 나리비늘줄기, 나리"
358,309,백합,백합,"백합(百合), 나리비늘줄기, 나리"
358,309,나리비늘줄기,백합,"백합(百合), 나리비늘줄기, 나리"
358,309,나리,백합,"백합(百合), 나리비늘줄기, 나리"
359,309,백합,백합,"백합(百合), 나리비늘줄기, 나리"
359,309,나리비늘줄기,백합,"백합(百合), 나리비늘줄기, 나리"
359,309,나리,백합,"백합(百合), 나리비늘줄기, 나리"
360,309,백합,백합,"백합(百合), 나리비늘줄기, 나리"
360,309,나리비늘줄기,백합,"백합(百合), 나리비늘줄기, 나리"
360,309,나리,백합,"백합(百合), 나리비늘줄기, 나리"
361,309,백합,백합,백합(百合)
362,311,백화사설초,백화사설초,백화사설초(白花蛇舌草)
363,741,토마토추출물,토마토추출물,토마토추출물
364,312,번백초,번백초,번백초(翻白草)
365,421,센나엽,센나엽,"센나엽, 번사엽(番瀉葉)"
365,421,번사엽,센나엽,"센나엽, 번사엽(番瀉葉)"
366,352,사프란,사프란,"사프란(番紅花),번홍화(番紅花),서홍화(西紅花)"
366,352,번홍화,사프란,"사프란(番紅花),번홍화(番紅花),서홍화(西紅花)"
366,352,서홍화,사프란,"사프란(番紅花),번홍화(番紅花),서홍화(西紅花)"
367,315,보골지,보골지,"보골지(補骨脂),파고지(破故紙),개암풀열매"
367,315,파고지,보골지,"보골지(補骨脂),파고지(破故紙),개암풀열매"
367,315,개암풀열매,보골지,"보골지(補骨脂),파고지(破故紙),개암풀열매"
368,317,보두,보두,"보두(寶豆),여송과(呂宋果)"
368,317,여송과,보두,"보두(寶豆),여송과(呂宋果)"
369,320,복분자,복분자,"복분자(覆盆子),산딸기"
369,320,산딸기,복분자,"복분자(覆盆子),산딸기"
370,320,복분자,복분자,"복분자(覆盆子),산딸기"
370,320,산딸기,복분자,"복분자(覆盆子),산딸기"
371,322,봉미초,봉미초,봉미초(鳳尾草)
373,324,부방등,부방등,부방등(扶芳藤)
374,324,부방등,부방등,부방등(扶芳藤)
375,325,부소맥,부소맥,부소맥(浮小麥)
376,326,부자,부자,"부자(附子),찐부자"
376,326,찐부자,부자,"부자(附子),찐부자"
377,327,부평,부평,"부평(浮萍), 머구리밥풀, 자평"
377,327,머구리밥풀,부평,"부평(浮萍), 머구리밥풀, 자평"
377,327,자평,부평,"부평(浮萍), 머구리밥풀, 자평"
378,327,부평,부평,"부평(浮萍), 머구리밥풀, 자평"
378,327,머구리밥풀,부평,"부평(浮萍), 머구리밥풀, 자평"
378,327,자평,부평,"부평(浮萍), 머구리밥풀, 자평"
379,328,북두근,북두근,"북두근(北豆根), 새모래덩굴뿌리, 산두근"
379,328,새모래덩굴뿌리,북두근,"북두근(北豆根), 새모래덩굴뿌리, 산두근"
379,328,산두근,북두근,"북두근(北豆根), 새모래덩굴뿌리, 산두근"
380,791,해방풍,해방풍,"해방풍(海防風), 빈방풍(濱防風), 북사삼(北沙參)"
380,791,빈방풍,해방풍,"해방풍(海防風), 빈방풍(濱防風), 북사삼(北沙參)"
380,791,북사삼,해방풍,"해방풍(海防風), 빈방풍(濱防風), 북사삼(北沙參)"
381,329,북유기노,북유기노,북유기노(北劉寄奴)
382,330,불수,불수,"불수(佛手),불수감(佛手柑)"
382,330,불수감,불수,"불수(佛手),불수감(佛手柑)"
383,331,피마자유,피마자유,"피마자유, 비마유(蓖麻油), 피마주기름"
383,331,비마유,피마자유,"피마자유, 비마유(蓖麻油), 피마주기름"
383,331,피마주기름,피마자유,"피마자유, 비마유(蓖麻油), 피마주기름"
384,768,피마자,피마자,"피마자(蓖麻子),비마자(萆麻子), 피마주씨"
384,768,비마자,피마자,"피마자(蓖麻子),비마자(萆麻子), 피마주씨"
384,768,피마주씨,피마자,"피마자(蓖麻子),비마자(萆麻子), 피마주씨"
385,332,비자,비자,"비자(榧子),옥비(玉榧)"
385,332,옥비,비자,"비자(榧子),옥비(玉榧)"
386,333,비파엽,비파엽,"비파엽(枇杷葉),비파잎"
386,333,비파잎,비파엽,"비파엽(枇杷葉),비파잎"
387,334,비해,비해,"비해(萆薢), 산비해(山萆薢), 백지(百枝)"
387,334,산비해,비해,"비해(萆薢), 산비해(山萆薢), 백지(百枝)"
387,334,백지,비해,"비해(萆薢), 산비해(山萆薢), 백지(百枝)"
388,336,빈랑자,빈랑자,"빈랑자(檳榔子),빈랑(檳榔)"
388,336,빈랑,빈랑자,"빈랑자(檳榔子),빈랑(檳榔)"
389,338,빌베리열매건조가루,빌베리열매건조가루,빌베리열매건조가루
390,337,빌베리 추출물,빌베리 추출물,빌베리 추출물
391,339,빙량화,빙량화,"빙량화(冰凉花), 복풀, 복수초"
391,339,복풀,빙량화,"빙량화(冰凉花), 복풀, 복수초"
391,339,복수초,빙량화,"빙량화(冰凉花), 복풀, 복수초"
392,340,사간,사간,"사간(射干),자호접(紫蝴蝶),범부채뿌리줄기"
392,340,자호접,사간,"사간(射干),자호접(紫蝴蝶),범부채뿌리줄기"
392,340,범부채뿌리줄기,사간,"사간(射干),자호접(紫蝴蝶),범부채뿌리줄기"
393,341,사계청,사계청,사계청(四季靑)
394,342,사과락,사과락,"사과락(絲瓜絡),사과(絲瓜)"
394,342,사과,사과락,"사과락(絲瓜絡),사과(絲瓜)"
395,343,사군자,사군자,"사군자(使君子),천군자(川君子),사군자열매"
395,343,천군자,사군자,"사군자(使君子),천군자(川君子),사군자열매"
395,343,사군자열매,사군자,"사군자(使君子),천군자(川君子),사군자열매"
396,345,사매,사매,사매(蛇莓)
397,346,사삼,사삼,"사삼(沙參), 남사삼(南沙參)"
397,346,남사삼,사삼,"사삼(沙參), 남사삼(南沙參)"
398,346,사삼,사삼,"사삼(沙參), 남사삼(南沙參)"
398,346,남사삼,사삼,"사삼(沙參), 남사삼(南沙參)"
399,346,사삼,사삼,"사삼(沙參), 남사삼(南沙參), 게루기, 제니(薺苨)"
399,346,남사삼,사삼,"사삼(沙參), 남사삼(南沙參), 게루기, 제니(薺苨)"
399,346,게루기,사삼,"사삼(沙參), 남사삼(南沙參), 게루기, 제니(薺苨)"
399,346,제니,사삼,"사삼(沙參), 남사삼(南沙參), 게루기, 제니(薺苨)"
400,966,더덕,더덕,"더덕, 사삼, 양유(羊乳), 산해라(山海螺)"
400,966,사삼,더덕,"더덕, 사삼, 양유(羊乳), 산해라(山海螺)"
400,966,양유,더덕,"더덕, 사삼, 양유(羊乳), 산해라(山海螺)"
400,966,산해라,더덕,"더덕, 사삼, 양유(羊乳), 산해라(山海螺)"
401,347,사상자,사상자,"사상자(蛇床子),사미(蛇米),벌사상자열매"
401,347,사미,사상자,"사상자(蛇床子),사미(蛇米),벌사상자열매"
401,347,벌사상자열매,사상자,"사상자(蛇床子),사미(蛇米),벌사상자열매"
402,347,사상자,사상자,"사상자(蛇床子),사미(蛇米)"
402,347,사미,사상자,"사상자(蛇床子),사미(蛇米)"
403,349,사원자,사원자,"사원자(沙苑子), 동질려(潼蒺藜), 사원질려(沙苑蒺藜)"
403,349,동질려,사원자,"사원자(沙苑子), 동질려(潼蒺藜), 사원질려(沙苑蒺藜)"
403,349,사원질려,사원자,"사원자(沙苑子), 동질려(潼蒺藜), 사원질려(沙苑蒺藜)"
404,350,사인,사인,"사인(砂仁),축사(縮砂)"
404,350,축사,사인,"사인(砂仁),축사(縮砂)"
405,350,사인,사인,"사인(砂仁),축사(縮砂),축사씨,축사인"
405,350,축사,사인,"사인(砂仁),축사(縮砂),축사씨,축사인"
405,350,축사씨,사인,"사인(砂仁),축사(縮砂),축사씨,축사인"
405,350,축사인,사인,"사인(砂仁),축사(縮砂),축사씨,축사인"
406,354,사향초,사향초,"사향초(麝香草),백리향(百里香)"
406,354,백리향,사향초,"사향초(麝香草),백리향(百里香)"
407,290,백리향정유,백리향정유,"백리향정유, 백리향기름"
407,290,백리향기름,백리향정유,"백리향정유, 백리향기름"
408,355,산강,산강,산강(山薑)
409,356,산경채,산경채,산경채(山梗菜)
410,357,산괴피,산괴피,"산괴피(山槐皮),다릅껍질"
410,357,다릅껍질,산괴피,"산괴피(山槐皮),다릅껍질"
411,150,다릅속줄기,다릅속줄기,다릅속줄기
412,358,산내,산내,산내(山柰)
413,359,산두근,산두근,"산두근(山豆根),광두근(廣豆根)"
413,359,광두근,산두근,"산두근(山豆根),광두근(廣豆根)"
414,361,산모,산모,"산모(酸模),괴싱아뿌리,산모근"
414,361,괴싱아뿌리,산모,"산모(酸模),괴싱아뿌리,산모근"
414,361,산모근,산모,"산모(酸模),괴싱아뿌리,산모근"
415,362,산사,산사,"산사(山楂),산사자(山査子),찔광이"
415,362,산사자,산사,"산사(山楂),산사자(山査子),찔광이"
415,362,찔광이,산사,"산사(山楂),산사자(山査子),찔광이"
419,363,산사엽,산사엽,"산사엽(山楂葉),찔광나무잎"
419,363,찔광나무잎,산사엽,"산사엽(山楂葉),찔광나무잎"
421,364,산수유,산수유,산수유(山茱萸)
422,365,산수유씨,산수유씨,산수유씨
423,366,산약,산약,"산약(山藥),마"
423,366,마,산약,"산약(山藥),마"
424,366,산약,산약,"산약(山藥),마"
424,366,마,산약,"산약(山藥),마"
425,367,산자고,산자고,"산자고(山慈姑),모자고(毛慈姑)"
425,367,모자고,산자고,"산자고(山慈姑),모자고(毛慈姑)"
426,367,산자고,산자고,"산자고(山慈姑),모자고(毛慈姑)"
426,367,모자고,산자고,"산자고(山慈姑),모자고(毛慈姑)"
427,367,산자고,산자고,"산자고(山慈姑),모자고(毛慈姑)"
427,367,모자고,산자고,"산자고(山慈姑),모자고(毛慈姑)"
429,368,산조인,산조인,"산조인(酸棗仁),메대추씨,살맹이"
429,368,메대추씨,산조인,"산조인(酸棗仁),메대추씨,살맹이"
429,368,살맹이,산조인,"산조인(酸棗仁),메대추씨,살맹이"
430,370,산초,산초,"산초(山椒),조피열매껍질"
430,370,조피열매껍질,산초,"산초(山椒),조피열매껍질"
431,370,산초,산초,"산초(山椒),화초(花椒),분지,애초"
431,370,화초,산초,"산초(山椒),화초(花椒),분지,애초"
431,370,분지,산초,"산초(山椒),화초(花椒),분지,애초"
431,370,애초,산초,"산초(山椒),화초(花椒),분지,애초"
432,370,산초,산초,"산초(山椒),화초(花椒),촉초(蜀椒),조피열매껍질"
432,370,화초,산초,"산초(山椒),화초(花椒),촉초(蜀椒),조피열매껍질"
432,370,촉초,산초,"산초(山椒),화초(花椒),촉초(蜀椒),조피열매껍질"
432,370,조피열매껍질,산초,"산초(山椒),화초(花椒),촉초(蜀椒),조피열매껍질"
433,370,산초,산초,"산초(山椒),촉초(蜀椒),화초(花椒)"
433,370,촉초,산초,"산초(山椒),촉초(蜀椒),화초(花椒)"
433,370,화초,산초,"산초(山椒),촉초(蜀椒),화초(花椒)"
434,370,산초,산초,"산초(山椒),조피열매껍질"
434,370,조피열매껍질,산초,"산초(山椒),조피열매껍질"
435,370,산초,산초,"산초(山椒),조피열매껍질"
435,370,조피열매껍질,산초,"산초(山椒),조피열매껍질"
436,370,산초,산초,"산초(山椒),조피열매껍질"
436,370,조피열매껍질,산초,"산초(山椒),조피열매껍질"
437,370,산초,산초,"산초(山椒),조피열매껍질"
437,370,조피열매껍질,산초,"산초(山椒),조피열매껍질"
441,374,삼과침,삼과침,삼과침(三顆針)
442,374,삼과침,삼과침,삼과침(三顆針)
443,374,삼과침,삼과침,삼과침(三顆針)
444,374,삼과침,삼과침,삼과침(三顆針)
445,374,삼과침,삼과침,삼과침(三顆針)
446,375,삼릉,삼릉,"삼릉(三棱), 형삼릉, 흑삼릉, 매자기"
446,375,형삼릉,삼릉,"삼릉(三棱), 형삼릉, 흑삼릉, 매자기"
446,375,흑삼릉,삼릉,"삼릉(三棱), 형삼릉, 흑삼릉, 매자기"
446,375,매자기,삼릉,"삼릉(三棱), 형삼릉, 흑삼릉, 매자기"
447,375,삼릉,삼릉,"삼릉(三棱), 형삼릉, 흑삼릉, 매자기"
447,375,형삼릉,삼릉,"삼릉(三棱), 형삼릉, 흑삼릉, 매자기"
447,375,흑삼릉,삼릉,"삼릉(三棱), 형삼릉, 흑삼릉, 매자기"
447,375,매자기,삼릉,"삼릉(三棱), 형삼릉, 흑삼릉, 매자기"
448,376,삼백초,삼백초,삼백초(三白草)
449,377,삼칠,삼칠,"삼칠(三七),전칠(田七),삼칠인삼(三七人参),전삼칠(田三七)"
449,377,전칠,삼칠,"삼칠(三七),전칠(田七),삼칠인삼(三七人参),전삼칠(田三七)"
449,377,삼칠인삼,삼칠,"삼칠(三七),전칠(田七),삼칠인삼(三七人参),전삼칠(田三七)"
449,377,전삼칠,삼칠,"삼칠(三七),전칠(田七),삼칠인삼(三七人参),전삼칠(田三七)"
450,378,상기생,상기생,"상기생(桑寄生),상상기생(桑上寄生)"
450,378,상상기생,상기생,"상기생(桑寄生),상상기생(桑上寄生)"
451,378,상기생,상기생,"상기생(桑寄生),상상기생(桑上寄生)"
451,378,상상기생,상기생,"상기생(桑寄生),상상기생(桑上寄生)"
452,379,상륙,상륙,"상륙(商陸),장불로(長不老),자리공뿌리"
452,379,장불로,상륙,"상륙(商陸),장불로(長不老),자리공뿌리"
452,379,자리공뿌리,상륙,"상륙(商陸),장불로(長不老),자리공뿌리"
453,379,상륙,상륙,"상륙(商陸),장불로(長不老)"
453,379,장불로,상륙,"상륙(商陸),장불로(長不老)"
454,380,상백피,상백피,"상백피(桑白皮),뽕나무뿌리껍질"
454,380,뽕나무뿌리껍질,상백피,"상백피(桑白皮),뽕나무뿌리껍질"
455,380,상백피,상백피,"상백피(桑白皮),뽕나무뿌리껍질"
455,380,뽕나무뿌리껍질,상백피,"상백피(桑白皮),뽕나무뿌리껍질"
456,381,상산,상산,"상산(常山), 촉칠, 황상산(黃常山)"
456,381,촉칠,상산,"상산(常山), 촉칠, 황상산(黃常山)"
456,381,황상산,상산,"상산(常山), 촉칠, 황상산(黃常山)"
457,382,상실,상실,"상실(橡實),도토리"
457,382,도토리,상실,"상실(橡實),도토리"
458,382,상실,상실,"상실(橡實),도토리"
458,382,도토리,상실,"상실(橡實),도토리"
459,382,상실,상실,"상실(橡實),도토리"
459,382,도토리,상실,"상실(橡實),도토리"
460,382,상실,상실,"상실(橡實),도토리"
460,382,도토리,상실,"상실(橡實),도토리"
461,181,상실각,상실각,"상실각(橡實殼), 상각(橡殼), 도토리집"
461,181,상각,상실각,"상실각(橡實殼), 상각(橡殼), 도토리집"
461,181,도토리집,상실각,"상실각(橡實殼), 상각(橡殼), 도토리집"
462,181,상실각,상실각,"상실각(橡實殼), 상각(橡殼), 도토리집"
462,181,상각,상실각,"상실각(橡實殼), 상각(橡殼), 도토리집"
462,181,도토리집,상실각,"상실각(橡實殼), 상각(橡殼), 도토리집"
463,181,상실각,상실각,"상실각(橡實殼), 상각(橡殼), 도토리집"
463,181,상각,상실각,"상실각(橡實殼), 상각(橡殼), 도토리집"
463,181,도토리집,상실각,"상실각(橡實殼), 상각(橡殼), 도토리집"
464,181,상실각,상실각,"상실각(橡實殼), 상각(橡殼), 도토리집"
464,181,상각,상실각,"상실각(橡實殼), 상각(橡殼), 도토리집"
464,181,도토리집,상실각,"상실각(橡實殼), 상각(橡殼), 도토리집"
465,383,상심자,상심자,"상심자(桑椹子), 상심(桑椹), 오디"
465,383,상심,상심자,"상심자(桑椹子), 상심(桑椹), 오디"
465,383,오디,상심자,"상심자(桑椹子), 상심(桑椹), 오디"
466,383,상심자,상심자,"상심자(桑椹子), 상심(桑椹), 오디"
466,383,상심,상심자,"상심자(桑椹子), 상심(桑椹), 오디"
466,383,오디,상심자,"상심자(桑椹子), 상심(桑椹), 오디"
467,383,상심자,상심자,"상심자(桑椹子), 상심(桑椹)"
467,383,상심,상심자,"상심자(桑椹子), 상심(桑椹)"
468,383,상심자,상심자,"상심자(桑椹子), 상심(桑椹)"
468,383,상심,상심자,"상심자(桑椹子), 상심(桑椹)"
470,384,상엽,상엽,"상엽(桑葉),동상엽(冬桑葉),뽕잎"
470,384,동상엽,상엽,"상엽(桑葉),동상엽(冬桑葉),뽕잎"
470,384,뽕잎,상엽,"상엽(桑葉),동상엽(冬桑葉),뽕잎"
471,384,상엽,상엽,"상엽(桑葉),동상엽(冬桑葉),뽕잎"
471,384,동상엽,상엽,"상엽(桑葉),동상엽(冬桑葉),뽕잎"
471,384,뽕잎,상엽,"상엽(桑葉),동상엽(冬桑葉),뽕잎"
472,385,상지,상지,"상지(桑枝),눈상지(嫩桑枝),뽕나무가지"
472,385,눈상지,상지,"상지(桑枝),눈상지(嫩桑枝),뽕나무가지"
472,385,뽕나무가지,상지,"상지(桑枝),눈상지(嫩桑枝),뽕나무가지"
473,385,상지,상지,"상지(桑枝),눈상지(嫩桑枝),뽕나무가지"
473,385,눈상지,상지,"상지(桑枝),눈상지(嫩桑枝),뽕나무가지"
473,385,뽕나무가지,상지,"상지(桑枝),눈상지(嫩桑枝),뽕나무가지"
474,385,상지,상지,"상지(桑枝),눈상지(嫩桑枝)"
474,385,눈상지,상지,"상지(桑枝),눈상지(嫩桑枝)"
475,385,상지,상지,"상지(桑枝),눈상지(嫩桑枝)"
475,385,눈상지,상지,"상지(桑枝),눈상지(嫩桑枝)"
477,387,생강,생강,"생강(生薑),건생강(乾生姜)"
477,387,건생강,생강,"생강(生薑),건생강(乾生姜)"
478,391,서과상,서과상,서과상(西瓜霜)
479,392,서과피,서과피,"서과피(西瓜皮),수박껍질"
479,392,수박껍질,서과피,"서과피(西瓜皮),수박껍질"
480,393,서리자,서리자,"서리자(鼠李子),갈매나무열매"
480,393,갈매나무열매,서리자,"서리자(鼠李子),갈매나무열매"
481,394,서장경,서장경,"서장경(徐長卿),천죽(天竹),산해박뿌리"
481,394,천죽,서장경,"서장경(徐長卿),천죽(天竹),산해박뿌리"
481,394,산해박뿌리,서장경,"서장경(徐長卿),천죽(天竹),산해박뿌리"
482,398,석곡,석곡,석곡(石斛)
483,398,석곡,석곡,석곡(石斛)
484,398,석곡,석곡,석곡(石斛)
485,398,석곡,석곡,석곡(石斛)
486,398,석곡,석곡,석곡(石斛)
487,398,석곡,석곡,석곡(石斛)
488,400,석류,석류,석류(石榴)
489,401,석류피,석류피,석류피(石榴皮)
490,402,석명,석명,석명(菥蓂)
491,403,석송자,석송자,"석송자(石松子),석송(石松)"
491,403,석송,석송자,"석송자(石松子),석송(石松)"
492,406,석위,석위,"석위(石韋),석란(石欄),일엽초"
492,406,석란,석위,"석위(石韋),석란(石欄),일엽초"
492,406,일엽초,석위,"석위(石韋),석란(石欄),일엽초"
493,406,석위,석위,"석위(石韋),석란(石欄),일엽초"
493,406,석란,석위,"석위(石韋),석란(石欄),일엽초"
493,406,일엽초,석위,"석위(石韋),석란(石欄),일엽초"
494,406,석위,석위,"석위(石韋),석란(石欄)"
494,406,석란,석위,"석위(石韋),석란(石欄)"
495,409,석창포,석창포,"석창포(石菖蒲),석창근(石菖根)"
495,409,석창근,석창포,"석창포(石菖蒲),석창근(石菖根)"
496,410,선모,선모,"선모(仙茅),파라문삼(婆羅門參)"
496,410,파라문삼,선모,"선모(仙茅),파라문삼(婆羅門參)"
497,411,선복화,선복화,"선복화(旋覆花),금불초(金佛草)"
497,411,금불초,선복화,"선복화(旋覆花),금불초(金佛草)"
498,411,선복화,선복화,"선복화(旋覆花),금불초(金佛草)"
498,411,금불초,선복화,"선복화(旋覆花),금불초(金佛草)"
499,411,선복화,선복화,"선복화(旋覆花),금불초(金佛草)"
499,411,금불초,선복화,"선복화(旋覆花),금불초(金佛草)"
500,411,선복화,선복화,"선복화(旋覆花),금불초(金佛草)"
500,411,금불초,선복화,"선복화(旋覆花),금불초(金佛草)"
501,415,세경호지자,세경호지자,세경호지자(細梗胡枝子)
502,416,세네가,세네가,세네가
503,416,세네가,세네가,세네가
504,418,세신,세신,"세신(細辛),족두리풀뿌리"
504,418,족두리풀뿌리,세신,"세신(細辛),족두리풀뿌리"
505,418,세신,세신,"세신(細辛),족두리풀뿌리"
505,418,족두리풀뿌리,세신,"세신(細辛),족두리풀뿌리"
506,419,세엽백전자,세엽백전자,세엽백전자(細葉白前子)
507,420,센나실,센나실,센나실
508,423,소계,소계,"소계(小薊),조뱅이"
508,423,조뱅이,소계,"소계(小薊),조뱅이"
509,423,소계,소계,"소계(小薊),조뱅이"
509,423,조뱅이,소계,"소계(小薊),조뱅이"
510,424,소괴화,소괴화,소괴화(小槐花)
511,425,소두구,소두구,"소두구(小豆蔲),소두구(小豆䓻)"
511,425,소두구,소두구,"소두구(小豆蔲),소두구(小豆䓻)"
512,427,소맥,소맥,소맥(小麥)
513,428,소목,소목,소목(蘇木)
514,429,소통초,소통초,소통초(小通草)
515,429,소통초,소통초,소통초(小通草)
516,430,소합향,소합향,"소합향(蘇合香),소합유(蘇合油)"
516,430,소합유,소합향,"소합향(蘇合香),소합유(蘇合油)"
517,432,속단,속단,속단(續斷)
518,433,속수자,속수자,"속수자(續隨子), 천금자(千金子)"
518,433,천금자,속수자,"속수자(續隨子), 천금자(千金子)"
519,434,테레빈유,테레빈유,"테레빈유, 투르펜틴유, 송절유(松節油)"
519,434,투르펜틴유,테레빈유,"테레빈유, 투르펜틴유, 송절유(松節油)"
519,434,송절유,테레빈유,"테레빈유, 투르펜틴유, 송절유(松節油)"
520,434,테레빈유,테레빈유,"테레빈유, 투르펜틴유, 송절유(松節油)"
520,434,투르펜틴유,테레빈유,"테레빈유, 투르펜틴유, 송절유(松節油)"
520,434,송절유,테레빈유,"테레빈유, 투르펜틴유, 송절유(松節油)"
521,434,테레빈유,테레빈유,"테레빈유, 투르펜틴유, 송절유(松節油)"
521,434,투르펜틴유,테레빈유,"테레빈유, 투르펜틴유, 송절유(松節油)"
521,434,송절유,테레빈유,"테레빈유, 투르펜틴유, 송절유(松節油)"
522,434,테레빈유,테레빈유,"테레빈유, 투르펜틴유, 송절유(松節油)"
522,434,투르펜틴유,테레빈유,"테레빈유, 투르펜틴유, 송절유(松節油)"
522,434,송절유,테레빈유,"테레빈유, 투르펜틴유, 송절유(松節油)"
523,434,테레빈유,테레빈유,"테레빈유, 투르펜틴유, 송절유(松節油)"
523,434,투르펜틴유,테레빈유,"테레빈유, 투르펜틴유, 송절유(松節油)"
523,434,송절유,테레빈유,"테레빈유, 투르펜틴유, 송절유(松節油)"
524,434,테레빈유,테레빈유,"테레빈유, 투르펜틴유, 송절유(松節油)"
524,434,투르펜틴유,테레빈유,"테레빈유, 투르펜틴유, 송절유(松節油)"
524,434,송절유,테레빈유,"테레빈유, 투르펜틴유, 송절유(松節油)"
525,434,테레빈유,테레빈유,"테레빈유, 투르펜틴유, 송절유(松節油)"
525,434,투르펜틴유,테레빈유,"테레빈유, 투르펜틴유, 송절유(松節油)"
525,434,송절유,테레빈유,"테레빈유, 투르펜틴유, 송절유(松節油)"
526,434,테레빈유,테레빈유,"테레빈유, 투르펜틴유, 송절유(松節油)"
526,434,투르펜틴유,테레빈유,"테레빈유, 투르펜틴유, 송절유(松節油)"
526,434,송절유,테레빈유,"테레빈유, 투르펜틴유, 송절유(松節油)"
527,434,테레빈유,테레빈유,"테레빈유, 투르펜틴유, 송절유(松節油)"
527,434,투르펜틴유,테레빈유,"테레빈유, 투르펜틴유, 송절유(松節油)"
527,434,송절유,테레빈유,"테레빈유, 투르펜틴유, 송절유(松節油)"
528,434,테레빈유,테레빈유,"테레빈유, 투르펜틴유, 송절유(松節油)"
528,434,투르펜틴유,테레빈유,"테레빈유, 투르펜틴유, 송절유(松節油)"
528,434,송절유,테레빈유,"테레빈유, 투르펜틴유, 송절유(松節油)"
529,434,테레빈유,테레빈유,"테레빈유, 투르펜틴유, 송절유(松節油)"
529,434,투르펜틴유,테레빈유,"테레빈유, 투르펜틴유, 송절유(松節油)"
529,434,송절유,테레빈유,"테레빈유, 투르펜틴유, 송절유(松節油)"
530,434,테레빈유,테레빈유,"테레빈유, 투르펜틴유, 송절유(松節油)"
530,434,투르펜틴유,테레빈유,"테레빈유, 투르펜틴유, 송절유(松節油)"
530,434,송절유,테레빈유,"테레빈유, 투르펜틴유, 송절유(松節油)"
531,434,테레빈유,테레빈유,"테레빈유, 투르펜틴유, 송절유(松節油)"
531,434,투르펜틴유,테레빈유,"테레빈유, 투르펜틴유, 송절유(松節油)"
531,434,송절유,테레빈유,"테레빈유, 투르펜틴유, 송절유(松節油)"
532,435,송지,송지,송지(松脂)
533,435,송지,송지,송지(松脂)
534,435,송지,송지,송지(松脂)
535,435,송지,송지,송지(松脂)
536,435,송지,송지,송지(松脂)
537,435,송지,송지,송지(松脂)
538,435,송지,송지,송지(松脂)
539,435,송지,송지,송지(松脂)
540,435,송지,송지,송지(松脂)
541,435,송지,송지,송지(松脂)
542,435,송지,송지,"송지(松脂), 송향(松香), 송진"
542,435,송향,송지,"송지(松脂), 송향(松香), 송진"
542,435,송진,송지,"송지(松脂), 송향(松香), 송진"
543,435,송지,송지,송지(松脂)
544,435,송지,송지,송지(松脂)
545,436,송화분,송화분,"송화분(松花粉), 송화(松花), 송황(松黃), 솔꽃가루, 소나무꽃가루"
545,436,송화,송화분,"송화분(松花粉), 송화(松花), 송황(松黃), 솔꽃가루, 소나무꽃가루"
545,436,송황,송화분,"송화분(松花粉), 송화(松花), 송황(松黃), 솔꽃가루, 소나무꽃가루"
545,436,솔꽃가루,송화분,"송화분(松花粉), 송화(松花), 송황(松黃), 솔꽃가루, 소나무꽃가루"
545,436,소나무꽃가루,송화분,"송화분(松花粉), 송화(松花), 송황(松黃), 솔꽃가루, 소나무꽃가루"
546,436,송화분,송화분,"송화분(松花粉), 송화(松花), 송황(松黃), 솔꽃가루, 소나무꽃가루"
546,436,송화,송화분,"송화분(松花粉), 송화(松花), 송황(松黃), 솔꽃가루, 소나무꽃가루"
546,436,송황,송화분,"송화분(松花粉), 송화(松花), 송황(松黃), 솔꽃가루, 소나무꽃가루"
546,436,솔꽃가루,송화분,"송화분(松花粉), 송화(松花), 송황(松黃), 솔꽃가루, 소나무꽃가루"
546,436,소나무꽃가루,송화분,"송화분(松花粉), 송화(松花), 송황(松黃), 솔꽃가루, 소나무꽃가루"
547,436,송화분,송화분,"송화분(松花粉), 송화(松花), 송황(松黃), 솔꽃가루, 소나무꽃가루"
547,436,송화,송화분,"송화분(松花粉), 송화(松花), 송황(松黃), 솔꽃가루, 소나무꽃가루"
547,436,송황,송화분,"송화분(松花粉), 송화(松花), 송황(松黃), 솔꽃가루, 소나무꽃가루"
547,436,솔꽃가루,송화분,"송화분(松花粉), 송화(松花), 송황(松黃), 솔꽃가루, 소나무꽃가루"
547,436,소나무꽃가루,송화분,"송화분(松花粉), 송화(松花), 송황(松黃), 솔꽃가루, 소나무꽃가루"
548,436,송화분,송화분,"송화분(松花粉), 송화(松花), 송황(松黃), 솔꽃가루, 소나무꽃가루"
548,436,송화,송화분,"송화분(松花粉), 송화(松花), 송황(松黃), 솔꽃가루, 소나무꽃가루"
548,436,송황,송화분,"송화분(松花粉), 송화(松花), 송황(松黃), 솔꽃가루, 소나무꽃가루"
548,436,솔꽃가루,송화분,"송화분(松花粉), 송화(松花), 송황(松黃), 솔꽃가루, 소나무꽃가루"
548,436,소나무꽃가루,송화분,"송화분(松花粉), 송화(松花), 송황(松黃), 솔꽃가루, 소나무꽃가루"
549,436,송화분,송화분,"송화분(松花粉), 송화(松花), 송황(松黃), 솔꽃가루, 소나무꽃가루"
549,436,송화,송화분,"송화분(松花粉), 송화(松花), 송황(松黃), 솔꽃가루, 소나무꽃가루"
549,436,송황,송화분,"송화분(松花粉), 송화(松花), 송황(松黃), 솔꽃가루, 소나무꽃가루"
549,436,솔꽃가루,송화분,"송화분(松花粉), 송화(松花), 송황(松黃), 솔꽃가루, 소나무꽃가루"
549,436,소나무꽃가루,송화분,"송화분(松花粉), 송화(松花), 송황(松黃), 솔꽃가루, 소나무꽃가루"
550,436,송화분,송화분,"송화분(松花粉), 송화(松花), 송황(松黃), 솔꽃가루, 소나무꽃가루"
550,436,송화,송화분,"송화분(松花粉), 송화(松花), 송황(松黃), 솔꽃가루, 소나무꽃가루"
550,436,송황,송화분,"송화분(松花粉), 송화(松花), 송황(松黃), 솔꽃가루, 소나무꽃가루"
550,436,솔꽃가루,송화분,"송화분(松花粉), 송화(松花), 송황(松黃), 솔꽃가루, 소나무꽃가루"
550,436,소나무꽃가루,송화분,"송화분(松花粉), 송화(松花), 송황(松黃), 솔꽃가루, 소나무꽃가루"
551,436,송화분,송화분,"송화분(松花粉), 송화(松花), 송황(松黃), 솔꽃가루, 소나무꽃가루"
551,436,송화,송화분,"송화분(松花粉), 송화(松花), 송황(松黃), 솔꽃가루, 소나무꽃가루"
551,436,송황,송화분,"송화분(松花粉), 송화(松花), 송황(松黃), 솔꽃가루, 소나무꽃가루"
551,436,솔꽃가루,송화분,"송화분(松花粉), 송화(松花), 송황(松黃), 솔꽃가루, 소나무꽃가루"
551,436,소나무꽃가루,송화분,"송화분(松花粉), 송화(松花), 송황(松黃), 솔꽃가루, 소나무꽃가루"
552,436,송화분,송화분,"송화분(松花粉), 송화(松花), 송황(松黃), 솔꽃가루, 소나무꽃가루"
552,436,송화,송화분,"송화분(松花粉), 송화(松花), 송황(松黃), 솔꽃가루, 소나무꽃가루"
552,436,송황,송화분,"송화분(松花粉), 송화(松花), 송황(松黃), 솔꽃가루, 소나무꽃가루"
552,436,솔꽃가루,송화분,"송화분(松花粉), 송화(松花), 송황(松黃), 솔꽃가루, 소나무꽃가루"
552,436,소나무꽃가루,송화분,"송화분(松花粉), 송화(松花), 송황(松黃), 솔꽃가루, 소나무꽃가루"
553,436,송화분,송화분,"송화분(松花粉), 송화(松花), 송황(松黃), 솔꽃가루, 소나무꽃가루"
553,436,송화,송화분,"송화분(松花粉), 송화(松花), 송황(松黃), 솔꽃가루, 소나무꽃가루"
553,436,송황,송화분,"송화분(松花粉), 송화(松花), 송황(松黃), 솔꽃가루, 소나무꽃가루"
553,436,솔꽃가루,송화분,"송화분(松花粉), 송화(松花), 송황(松黃), 솔꽃가루, 소나무꽃가루"
553,436,소나무꽃가루,송화분,"송화분(松花粉), 송화(松花), 송황(松黃), 솔꽃가루, 소나무꽃가루"
554,436,송화분,송화분,"송화분(松花粉), 송화(松花), 송황(松黃), 솔꽃가루, 소나무꽃가루"
554,436,송화,송화분,"송화분(松花粉), 송화(松花), 송황(松黃), 솔꽃가루, 소나무꽃가루"
554,436,송황,송화분,"송화분(松花粉), 송화(松花), 송황(松黃), 솔꽃가루, 소나무꽃가루"
554,436,솔꽃가루,송화분,"송화분(松花粉), 송화(松花), 송황(松黃), 솔꽃가루, 소나무꽃가루"
554,436,소나무꽃가루,송화분,"송화분(松花粉), 송화(松花), 송황(松黃), 솔꽃가루, 소나무꽃가루"
555,436,송화분,송화분,"송화분(松花粉), 송화(松花), 송황(松黃), 솔꽃가루, 소나무꽃가루"
555,436,송화,송화분,"송화분(松花粉), 송화(松花), 송황(松黃), 솔꽃가루, 소나무꽃가루"
555,436,송황,송화분,"송화분(松花粉), 송화(松花), 송황(松黃), 솔꽃가루, 소나무꽃가루"
555,436,솔꽃가루,송화분,"송화분(松花粉), 송화(松花), 송황(松黃), 솔꽃가루, 소나무꽃가루"
555,436,소나무꽃가루,송화분,"송화분(松花粉), 송화(松花), 송황(松黃), 솔꽃가루, 소나무꽃가루"
556,436,송화분,송화분,"송화분(松花粉), 송화(松花), 송황(松黃), 솔꽃가루, 소나무꽃가루"
556,436,송화,송화분,"송화분(松花粉), 송화(松花), 송황(松黃), 솔꽃가루, 소나무꽃가루"
556,436,송황,송화분,"송화분(松花粉), 송화(松花), 송황(松黃), 솔꽃가루, 소나무꽃가루"
556,436,솔꽃가루,송화분,"송화분(松花粉), 송화(松花), 송황(松黃), 솔꽃가루, 소나무꽃가루"
556,436,소나무꽃가루,송화분,"송화분(松花粉), 송화(松花), 송황(松黃), 솔꽃가루, 소나무꽃가루"
557,436,송화분,송화분,"송화분(松花粉), 송화(松花), 송황(松黃), 솔꽃가루, 소나무꽃가루"
557,436,송화,송화분,"송화분(松花粉), 송화(松花), 송황(松黃), 솔꽃가루, 소나무꽃가루"
557,436,송황,송화분,"송화분(松花粉), 송화(松花), 송황(松黃), 솔꽃가루, 소나무꽃가루"
557,436,솔꽃가루,송화분,"송화분(松花粉), 송화(松花), 송황(松黃), 솔꽃가루, 소나무꽃가루"
557,436,소나무꽃가루,송화분,"송화분(松花粉), 송화(松花), 송황(松黃), 솔꽃가루, 소나무꽃가루"
558,437,쇄양,쇄양,쇄양(鎖陽)
559,438,수근,수근,"수근(水芹),미나리"
559,438,미나리,수근,"수근(水芹),미나리"
560,439,수분초,수분초,수분초(垂盆草)
561,440,수비계,수비계,"수비계(水飛薊),얼룩엉겅퀴열매"
561,440,얼룩엉겅퀴열매,수비계,"수비계(水飛薊),얼룩엉겅퀴열매"
564,442,수오등,수오등,"수오등(首烏藤), 야교등(夜交藤)"
564,442,야교등,수오등,"수오등(首烏藤), 야교등(夜交藤)"
565,444,수홍화,수홍화,"수홍화(水紅花),털여뀌"
565,444,털여뀌,수홍화,"수홍화(水紅花),털여뀌"
566,445,수홍화자,수홍화자,수홍화자(水紅花子)
567,446,숙지황,숙지황,"숙지황(熟地黃),찐지황"
567,446,찐지황,숙지황,"숙지황(熟地黃),찐지황"
568,448,승마,승마,"승마(升麻),끼멸가리"
568,448,끼멸가리,승마,"승마(升麻),끼멸가리"
569,448,승마,승마,"승마(升麻),끼멸가리"
569,448,끼멸가리,승마,"승마(升麻),끼멸가리"
570,448,승마,승마,"승마(升麻),끼멸가리"
570,448,끼멸가리,승마,"승마(升麻),끼멸가리"
571,448,승마,승마,"승마(升麻),끼멸가리"
571,448,끼멸가리,승마,"승마(升麻),끼멸가리"
572,449,시라자,시라자,"시라자(蒔蘿子),소회향열매"
572,449,소회향열매,시라자,"시라자(蒔蘿子),소회향열매"
573,431,소회향정유,소회향정유,"소회향정유, 소회향기름"
573,431,소회향기름,소회향정유,"소회향정유, 소회향기름"
574,450,시엽,시엽,"시엽(柿葉),감나무잎"
574,450,감나무잎,시엽,"시엽(柿葉),감나무잎"
575,451,시체,시체,"시체(柿蒂),시정(柿丁),감꼭지"
575,451,시정,시체,"시체(柿蒂),시정(柿丁),감꼭지"
575,451,감꼭지,시체,"시체(柿蒂),시정(柿丁),감꼭지"
576,452,시초,시초,시초(蓍草)
577,453,시호,시호,시호(柴胡)
578,453,시호,시호,시호(柴胡)
579,453,시호,시호,시호(柴胡)
580,454,식방풍,식방풍,"식방풍(植防風), 빈해전호(濱海前胡)"
580,454,빈해전호,식방풍,"식방풍(植防風), 빈해전호(濱海前胡)"
581,456,신근초,신근초,신근초(伸筋草)
582,457,신이,신이,"신이(辛荑),목필화(木筆花)"
582,457,목필화,신이,"신이(辛荑),목필화(木筆花)"
583,457,신이,신이,"신이(辛荑),목필화(木筆花)"
583,457,목필화,신이,"신이(辛荑),목필화(木筆花)"
584,457,신이,신이,"신이(辛荑),목필화(木筆花)"
584,457,목필화,신이,"신이(辛荑),목필화(木筆花)"
585,457,신이,신이,"신이(辛荑),목필화(木筆花)"
585,457,목필화,신이,"신이(辛荑),목필화(木筆花)"
586,457,신이,신이,신이(辛荑)
587,459,아마인,아마인,"아마인(亞麻仁), 아마자(亞麻子)"
587,459,아마자,아마인,"아마인(亞麻仁), 아마자(亞麻子)"
588,460,아불식초,아불식초,아불식초(鵝不食草)
589,461,아선약,아선약,아선약(阿仙藥)
590,463,아위,아위,아위(阿魏)
591,464,아출,아출,"아출(莪朮), 봉출(蓬朮)"
591,464,봉출,아출,"아출(莪朮), 봉출(蓬朮)"
592,464,아출,아출,"아출(莪朮), 봉출(蓬朮)"
592,464,봉출,아출,"아출(莪朮), 봉출(蓬朮)"
593,464,아출,아출,"아출(莪朮), 봉출(蓬朮)"
593,464,봉출,아출,"아출(莪朮), 봉출(蓬朮)"
594,465,아편,아편,아편(阿片)
595,466,아편가루,아편가루,아편가루
596,467,안식향,안식향,안식향(安息香)
597,467,안식향,안식향,안식향(安息香)
598,467,안식향,안식향,안식향(安息香)
599,467,안식향,안식향,안식향(安息香)
600,467,안식향,안식향,안식향(安息香)
601,469,암백채,암백채,"암백채(岩白菜),돌부채"
601,469,돌부채,암백채,"암백채(岩白菜),돌부채"
602,470,압척초,압척초,압척초(鴨跖草)
603,471,애엽,애엽,"애엽(艾葉),애구초(艾灸草)"
603,471,애구초,애엽,"애엽(艾葉),애구초(艾灸草)"
604,471,애엽,애엽,"애엽(艾葉),애구초(艾灸草),약쑥"
604,471,애구초,애엽,"애엽(艾葉),애구초(艾灸草),약쑥"
604,471,약쑥,애엽,"애엽(艾葉),애구초(艾灸草),약쑥"
605,471,애엽,애엽,"애엽(艾葉),애구초(艾灸草)"
605,471,애구초,애엽,"애엽(艾葉),애구초(艾灸草)"
606,472,앵속각,앵속각,"앵속각(罌粟殼),아편꽃열매깍지"
606,472,아편꽃열매깍지,앵속각,"앵속각(罌粟殼),아편꽃열매깍지"
607,473,앵피,앵피,앵피(櫻皮)
608,473,앵피,앵피,앵피(櫻皮)
609,473,앵피,앵피,앵피(櫻皮)
610,473,앵피,앵피,앵피(櫻皮)
611,473,앵피,앵피,앵피(櫻皮)
612,473,앵피,앵피,앵피(櫻皮)
613,473,앵피,앵피,앵피(櫻皮)
614,473,앵피,앵피,앵피(櫻皮)
615,473,앵피,앵피,앵피(櫻皮)
616,473,앵피,앵피,앵피(櫻皮)
617,473,앵피,앵피,앵피(櫻皮)
618,473,앵피,앵피,앵피(櫻皮)
619,474,야결명,야결명,"야결명(野決明),잠두싸리"
619,474,잠두싸리,야결명,"야결명(野決明),잠두싸리"
620,475,야근채,야근채,"야근채(野芹菜),참나물"
620,475,참나물,야근채,"야근채(野芹菜),참나물"
621,476,야마추,야마추,야마추(野馬追)
622,478,야오동,야오동,야오동(野梧桐)
623,479,야콘덩이뿌리,야콘덩이뿌리,야콘덩이뿌리
625,481,양두첨,양두첨,양두첨(兩頭尖)
626,482,양매피,양매피,양매피(楊梅皮)
627,483,양제근,양제근,"양제근(羊蹄根), 야대황(野大黃), 양제대황(羊蹄大黃)"
627,483,야대황,양제근,"양제근(羊蹄根), 야대황(野大黃), 양제대황(羊蹄大黃)"
627,483,양제대황,양제근,"양제근(羊蹄根), 야대황(野大黃), 양제대황(羊蹄大黃)"
628,483,양제근,양제근,"양제근(羊蹄根), 야대황(野大黃), 양제대황(羊蹄大黃)"
628,483,야대황,양제근,"양제근(羊蹄根), 야대황(野大黃), 양제대황(羊蹄大黃)"
628,483,양제대황,양제근,"양제근(羊蹄根), 야대황(野大黃), 양제대황(羊蹄大黃)"
629,483,양제근,양제근,"양제근(羊蹄根),소리쟁이뿌리"
629,483,소리쟁이뿌리,양제근,"양제근(羊蹄根),소리쟁이뿌리"
630,207,디기탈리스엽,디기탈리스엽,"디기탈리스엽, 양지황엽(洋地黃葉), 디기탈리스잎, 양지황(洋地黃)"
630,207,양지황엽,디기탈리스엽,"디기탈리스엽, 양지황엽(洋地黃葉), 디기탈리스잎, 양지황(洋地黃)"
630,207,디기탈리스잎,디기탈리스엽,"디기탈리스엽, 양지황엽(洋地黃葉), 디기탈리스잎, 양지황(洋地黃)"
630,207,양지황,디기탈리스엽,"디기탈리스엽, 양지황엽(洋地黃葉), 디기탈리스잎, 양지황(洋地黃)"
631,207,디기탈리스엽,디기탈리스엽,"디기탈리스엽, 양지황엽(洋地黃葉)"
631,207,양지황엽,디기탈리스엽,"디기탈리스엽, 양지황엽(洋地黃葉)"
632,484,양파,양파,"양파, 양총(洋葱)"
632,484,양총,양파,"양파, 양총(洋葱)"
633,487,어성초,어성초,"어성초(魚腥草), 즙채(蕺菜), 중약(重藥), 십약(十藥)"
633,487,즙채,어성초,"어성초(魚腥草), 즙채(蕺菜), 중약(重藥), 십약(十藥)"
633,487,중약,어성초,"어성초(魚腥草), 즙채(蕺菜), 중약(重藥), 십약(十藥)"
633,487,십약,어성초,"어성초(魚腥草), 즙채(蕺菜), 중약(重藥), 십약(十藥)"
634,488,여로,여로,"여로(藜蘆),여로두(藜蘆頭)"
634,488,여로두,여로,"여로(藜蘆),여로두(藜蘆頭)"
635,488,여로,여로,"여로(藜蘆),여로두(藜蘆頭),박새,려로"
635,488,여로두,여로,"여로(藜蘆),여로두(藜蘆頭),박새,려로"
635,488,박새,여로,"여로(藜蘆),여로두(藜蘆頭),박새,려로"
635,488,려로,여로,"여로(藜蘆),여로두(藜蘆頭),박새,려로"
636,488,여로,여로,"여로(藜蘆),파란여로"
636,488,파란여로,여로,"여로(藜蘆),파란여로"
637,488,여로,여로,"여로(藜蘆),파란여로"
637,488,파란여로,여로,"여로(藜蘆),파란여로"
638,489,여정실,여정실,"여정실(女貞實), 여정자(女貞子), 광나무열매, 당광나무열매, 녀정실"
638,489,여정자,여정실,"여정실(女貞實), 여정자(女貞子), 광나무열매, 당광나무열매, 녀정실"
638,489,광나무열매,여정실,"여정실(女貞實), 여정자(女貞子), 광나무열매, 당광나무열매, 녀정실"
638,489,당광나무열매,여정실,"여정실(女貞實), 여정자(女貞子), 광나무열매, 당광나무열매, 녀정실"
638,489,녀정실,여정실,"여정실(女貞實), 여정자(女貞子), 광나무열매, 당광나무열매, 녀정실"
639,489,여정실,여정실,"여정실(女貞實), 여정자(女貞子), 광나무열매, 당광나무열매, 녀정실"
639,489,여정자,여정실,"여정실(女貞實), 여정자(女貞子), 광나무열매, 당광나무열매, 녀정실"
639,489,광나무열매,여정실,"여정실(女貞實), 여정자(女貞子), 광나무열매, 당광나무열매, 녀정실"
639,489,당광나무열매,여정실,"여정실(女貞實), 여정자(女貞子), 광나무열매, 당광나무열매, 녀정실"
639,489,녀정실,여정실,"여정실(女貞實), 여정자(女貞子), 광나무열매, 당광나무열매, 녀정실"
640,490,여지핵,여지핵,"여지핵(荔枝核),여지(荔枝)"
640,490,여지,여지핵,"여지핵(荔枝核),여지(荔枝)"
641,491,연교,연교,연교(連翹)
642,491,연교,연교,"연교(連翹),개나리열매,련교"
642,491,개나리열매,연교,"연교(連翹),개나리열매,련교"
642,491,련교,연교,"연교(連翹),개나리열매,련교"
643,492,연명초,연명초,"연명초(延命草), 사릉간(四棱杆)"
643,492,사릉간,연명초,"연명초(延命草), 사릉간(四棱杆)"
644,493,연방,연방,"연방(蓮房), 련꽃열매집, 련방, 련꽃턱"
644,493,련꽃열매집,연방,"연방(蓮房), 련꽃열매집, 련방, 련꽃턱"
644,493,련방,연방,"연방(蓮房), 련꽃열매집, 련방, 련꽃턱"
644,493,련꽃턱,연방,"연방(蓮房), 련꽃열매집, 련방, 련꽃턱"
645,494,연수,연수,연수(蓮鬚)
646,495,연자심,연자심,연자심(蓮子心)
647,496,연자육,연자육,"연자육(蓮子肉),연육(蓮肉),련꽃열매,련실,련밥,련자"
647,496,연육,연자육,"연자육(蓮子肉),연육(蓮肉),련꽃열매,련실,련밥,련자"
647,496,련꽃열매,연자육,"연자육(蓮子肉),연육(蓮肉),련꽃열매,련실,련밥,련자"
647,496,련실,연자육,"연자육(蓮子肉),연육(蓮肉),련꽃열매,련실,련밥,련자"
647,496,련밥,연자육,"연자육(蓮子肉),연육(蓮肉),련꽃열매,련실,련밥,련자"
647,496,련자,연자육,"연자육(蓮子肉),연육(蓮肉),련꽃열매,련실,련밥,련자"
648,497,연전초,연전초,"연전초(連錢草),병꽃풀,련전초"
648,497,병꽃풀,연전초,"연전초(連錢草),병꽃풀,련전초"
648,497,련전초,연전초,"연전초(連錢草),병꽃풀,련전초"
649,498,열당,열당,"열당(列當),초종용(草蓯蓉)"
649,498,초종용,열당,"열당(列當),초종용(草蓯蓉)"
650,498,열당,열당,"열당(列當),초종용(草蓯蓉)"
650,498,초종용,열당,"열당(列當),초종용(草蓯蓉)"
651,499,영란,영란,"영란(鈴蘭),은방울꽃"
651,499,은방울꽃,영란,"영란(鈴蘭),은방울꽃"
652,500,영릉향,영릉향,"영릉향(零陵香),영향초(靈香草)"
652,500,영향초,영릉향,"영릉향(零陵香),영향초(靈香草)"
653,500,영릉향,영릉향,"영릉향(零陵香),령능향"
653,500,령능향,영릉향,"영릉향(零陵香),령능향"
654,209,영릉향정유,영릉향정유,"영릉향정유,령능향정유,령능향기름"
654,209,령능향정유,영릉향정유,"영릉향정유,령능향정유,령능향기름"
654,209,령능향기름,영릉향정유,"영릉향정유,령능향정유,령능향기름"
655,501,영실,영실,"영실(營實),영실자(營實子),찔레나무열매"
655,501,영실자,영실,"영실(營實),영실자(營實子),찔레나무열매"
655,501,찔레나무열매,영실,"영실(營實),영실자(營實子),찔레나무열매"
656,501,영실,영실,"영실(營實),찔레나무열매"
656,501,찔레나무열매,영실,"영실(營實),찔레나무열매"
657,505,예지자,예지자,"예지자(預知子), 임하부인(林下婦人), 팔월찰(八月札)"
657,505,임하부인,예지자,"예지자(預知子), 임하부인(林下婦人), 팔월찰(八月札)"
657,505,팔월찰,예지자,"예지자(預知子), 임하부인(林下婦人), 팔월찰(八月札)"
658,506,오가피,오가피,"오가피(五加皮),오갈피"
658,506,오갈피,오가피,"오가피(五加皮),오갈피"
659,506,오가피,오가피,오가피(五加皮)
660,510,오매,오매,"오매(烏梅),매화선열매"
660,510,매화선열매,오매,"오매(烏梅),매화선열매"
661,511,오미자,오미자,오미자(五味子)
662,512,오미자씨,오미자씨,오미자씨
663,513,오배자,오배자,"오배자(五倍子),붉나무벌레집"
663,513,붉나무벌레집,오배자,"오배자(五倍子),붉나무벌레집"
664,514,오수유,오수유,"오수유(吳茱萸),오수유선열매,약수유"
664,514,오수유선열매,오수유,"오수유(吳茱萸),오수유선열매,약수유"
664,514,약수유,오수유,"오수유(吳茱萸),오수유선열매,약수유"
665,517,오약,오약,"오약(烏藥),천태오약(天台烏薬)"
665,517,천태오약,오약,"오약(烏藥),천태오약(天台烏薬)"
666,518,옥수수기름,옥수수기름,"옥수수기름,옥미유(玉米油)"
666,518,옥미유,옥수수기름,"옥수수기름,옥미유(玉米油)"
667,519,옥죽,옥죽,"옥죽(玉竹),위유(萎蕤)"
667,519,위유,옥죽,"옥죽(玉竹),위유(萎蕤)"
668,519,옥죽,옥죽,"옥죽(玉竹),위유(萎蕤),둥굴레"
668,519,위유,옥죽,"옥죽(玉竹),위유(萎蕤),둥굴레"
668,519,둥굴레,옥죽,"옥죽(玉竹),위유(萎蕤),둥굴레"
669,520,옥촉서예,옥촉서예,"옥촉서예(玉蜀黍蕊),옥미수(玉米鬚),강냉이수염"
669,520,옥미수,옥촉서예,"옥촉서예(玉蜀黍蕊),옥미수(玉米鬚),강냉이수염"
669,520,강냉이수염,옥촉서예,"옥촉서예(玉蜀黍蕊),옥미수(玉米鬚),강냉이수염"
670,522,와송,와송,와송(瓦松)
671,522,와송,와송,와송(瓦松)
672,522,와송,와송,와송(瓦松)
673,522,와송,와송,와송(瓦松)
674,522,와송,와송,와송(瓦松)
675,522,와송,와송,와송(瓦松)
676,522,와송,와송,와송(瓦松)
677,523,왕불류행,왕불류행,"왕불류행(王不留行), 불류행(不留行), 왕불류(王不留), 장구채, 경엽여루채(硬葉女婁菜)"
677,523,불류행,왕불류행,"왕불류행(王不留行), 불류행(不留行), 왕불류(王不留), 장구채, 경엽여루채(硬葉女婁菜)"
677,523,왕불류,왕불류행,"왕불류행(王不留行), 불류행(不留行), 왕불류(王不留), 장구채, 경엽여루채(硬葉女婁菜)"
677,523,장구채,왕불류행,"왕불류행(王不留行), 불류행(不留行), 왕불류(王不留), 장구채, 경엽여루채(硬葉女婁菜)"
677,523,경엽여루채,왕불류행,"왕불류행(王不留行), 불류행(不留行), 왕불류(王不留), 장구채, 경엽여루채(硬葉女婁菜)"
678,523,왕불류행,왕불류행,왕불류행(王不留行)
679,524,왜지차,왜지차,왜지차(矮地茶)
680,526,요양화,요양화,"요양화(鬧羊花),철쭉꽃"
680,526,철쭉꽃,요양화,"요양화(鬧羊花),철쭉꽃"
681,709,철쭉잎,철쭉잎,철쭉잎
682,528,용규,용규,"용규(龍葵),까마중,깜또라지"
682,528,까마중,용규,"용규(龍葵),까마중,깜또라지"
682,528,깜또라지,용규,"용규(龍葵),까마중,깜또라지"
683,529,용뇌,용뇌,"용뇌(龍腦),빙편(氷片),합성용뇌(合成龙脑)"
683,529,빙편,용뇌,"용뇌(龍腦),빙편(氷片),합성용뇌(合成龙脑)"
683,529,합성용뇌,용뇌,"용뇌(龍腦),빙편(氷片),합성용뇌(合成龙脑)"
684,529,용뇌,용뇌,"용뇌(龍腦), 천연빙편(天然冰片), 우선용뇌(右旋龙脑)"
684,529,천연빙편,용뇌,"용뇌(龍腦), 천연빙편(天然冰片), 우선용뇌(右旋龙脑)"
684,529,우선용뇌,용뇌,"용뇌(龍腦), 천연빙편(天然冰片), 우선용뇌(右旋龙脑)"
685,530,용담,용담,"용담(龍膽),초용담(草龍膽),과남풀뿌리,룡담"
685,530,초용담,용담,"용담(龍膽),초용담(草龍膽),과남풀뿌리,룡담"
685,530,과남풀뿌리,용담,"용담(龍膽),초용담(草龍膽),과남풀뿌리,룡담"
685,530,룡담,용담,"용담(龍膽),초용담(草龍膽),과남풀뿌리,룡담"
686,530,용담,용담,"용담(龍膽),초용담(草龍膽),과남풀뿌리,룡담"
686,530,초용담,용담,"용담(龍膽),초용담(草龍膽),과남풀뿌리,룡담"
686,530,과남풀뿌리,용담,"용담(龍膽),초용담(草龍膽),과남풀뿌리,룡담"
686,530,룡담,용담,"용담(龍膽),초용담(草龍膽),과남풀뿌리,룡담"
687,530,용담,용담,"용담(龍膽),초용담(草龍膽)"
687,530,초용담,용담,"용담(龍膽),초용담(草龍膽)"
688,532,용아초,용아초,"용아초(龍牙草), 선학초(仙鶴草), 짚신나물, 랑아초"
688,532,선학초,용아초,"용아초(龍牙草), 선학초(仙鶴草), 짚신나물, 랑아초"
688,532,짚신나물,용아초,"용아초(龍牙草), 선학초(仙鶴草), 짚신나물, 랑아초"
688,532,랑아초,용아초,"용아초(龍牙草), 선학초(仙鶴草), 짚신나물, 랑아초"
689,533,용아초근,용아초근,"용아초근(龍芽草根), 짚신나물뿌리줄기, 짚신나물싹, 랑아"
689,533,짚신나물뿌리줄기,용아초근,"용아초근(龍芽草根), 짚신나물뿌리줄기, 짚신나물싹, 랑아"
689,533,짚신나물싹,용아초근,"용아초근(龍芽草根), 짚신나물뿌리줄기, 짚신나물싹, 랑아"
689,533,랑아,용아초근,"용아초근(龍芽草根), 짚신나물뿌리줄기, 짚신나물싹, 랑아"
690,534,용안육,용안육,"용안육(龍眼肉), 룡안열매살"
690,534,룡안열매살,용안육,"용안육(龍眼肉), 룡안열매살"
691,537,우라지로가시(ウラジロガシ),우라지로가시(ウラジロガシ),우라지로가시(ウラジロガシ)
692,538,우방근,우방근,"우방근(牛蒡根), 악실근(惡實根), 서점근(鼠粘根), 우웡뿌리"
692,538,악실근,우방근,"우방근(牛蒡根), 악실근(惡實根), 서점근(鼠粘根), 우웡뿌리"
692,538,서점근,우방근,"우방근(牛蒡根), 악실근(惡實根), 서점근(鼠粘根), 우웡뿌리"
692,538,우웡뿌리,우방근,"우방근(牛蒡根), 악실근(惡實根), 서점근(鼠粘根), 우웡뿌리"
693,539,우방자,우방자,"우방자(牛蒡子), 우웡열매"
693,539,우웡열매,우방자,"우방자(牛蒡子), 우웡열매"
694,540,우방초,우방초,"우방초(牛蒡草), 우방경엽(牛蒡莖葉)"
694,540,우방경엽,우방초,"우방초(牛蒡草), 우방경엽(牛蒡莖葉)"
696,541,우슬,우슬,"우슬(牛膝), 쇠무릎풀뿌리"
696,541,쇠무릎풀뿌리,우슬,"우슬(牛膝), 쇠무릎풀뿌리"
697,542,우절,우절,"우절(藕節), 연근(蓮根), 련꽃뿌리, 련근"
697,542,연근,우절,"우절(藕節), 연근(蓮根), 련꽃뿌리, 련근"
697,542,련꽃뿌리,우절,"우절(藕節), 연근(蓮根), 련꽃뿌리, 련근"
697,542,련근,우절,"우절(藕節), 연근(蓮根), 련꽃뿌리, 련근"
698,543,우지,우지,우지(牛至)
699,545,욱리인,욱리인,"욱리인(郁李仁), 욱자(郁子), 이스라치씨"
699,545,욱자,욱리인,"욱리인(郁李仁), 욱자(郁子), 이스라치씨"
699,545,이스라치씨,욱리인,"욱리인(郁李仁), 욱자(郁子), 이스라치씨"
700,545,욱리인,욱리인,"욱리인(郁李仁), 욱자(郁子)"
700,545,욱자,욱리인,"욱리인(郁李仁), 욱자(郁子)"
701,545,욱리인,욱리인,"욱리인(郁李仁), 이스라치씨"
701,545,이스라치씨,욱리인,"욱리인(郁李仁), 이스라치씨"
702,546,운대자,운대자,"운대자(蕓薹子), 유채자(油菜子)"
702,546,유채자,운대자,"운대자(蕓薹子), 유채자(油菜子)"
703,547,채종유,채종유,채종유(菜種油)
704,549,울금,울금,울금(鬱金)
705,549,울금,울금,울금(鬱金)
706,549,울금,울금,울금(鬱金)
707,549,울금,울금,울금(鬱金)
709,552,원지,원지,"원지(遠志), 애기풀뿌리"
709,552,애기풀뿌리,원지,"원지(遠志), 애기풀뿌리"
710,552,원지,원지,원지(遠志)
711,556,원화,원화,"원화(芫花), 팥꽃나무꽃망울"
711,556,팥꽃나무꽃망울,원화,"원화(芫花), 팥꽃나무꽃망울"
712,154,달맞이꽃씨,달맞이꽃씨,달맞이꽃씨
713,155,달맞이꽃씨기름,달맞이꽃씨기름,"달맞이꽃씨기름,월견초유(月見草油)"
713,155,월견초유,달맞이꽃씨기름,"달맞이꽃씨기름,월견초유(月見草油)"
714,156,달맞이꽃종자 추출물,달맞이꽃종자 추출물,달맞이꽃종자 추출물
715,557,월계화,월계화,월계화(月季花)
716,558,월귤잎,월귤잎,"월귤잎, 월귤엽(越橘葉)"
716,558,월귤엽,월귤잎,"월귤잎, 월귤엽(越橘葉)"
717,559,위령선,위령선,"위령선(威靈仙), 철선련(鐵線連), 으아리뿌리"
717,559,철선련,위령선,"위령선(威靈仙), 철선련(鐵線連), 으아리뿌리"
717,559,으아리뿌리,위령선,"위령선(威靈仙), 철선련(鐵線連), 으아리뿌리"
718,559,위령선,위령선,"위령선(威靈仙), 철선련(鐵線連)"
718,559,철선련,위령선,"위령선(威靈仙), 철선련(鐵線連)"
719,559,위령선,위령선,"위령선(威靈仙), 철선련(鐵線連)"
719,559,철선련,위령선,"위령선(威靈仙), 철선련(鐵線連)"
720,559,위령선,위령선,"위령선(威靈仙), 으아리뿌리"
720,559,으아리뿌리,위령선,"위령선(威靈仙), 으아리뿌리"
721,560,위릉채,위릉채,"위릉채(委陵菜), 근두채(根頭菜), 딱지꽃뿌리"
721,560,근두채,위릉채,"위릉채(委陵菜), 근두채(根頭菜), 딱지꽃뿌리"
721,560,딱지꽃뿌리,위릉채,"위릉채(委陵菜), 근두채(根頭菜), 딱지꽃뿌리"
722,561,유기노,유기노,유기노(劉寄奴)
723,562,유백피,유백피,유백피(楡白皮)
724,563,유엽,유엽,"유엽(柳葉), 버들잎"
724,563,버들잎,유엽,"유엽(柳葉), 버들잎"
725,563,유엽,유엽,"유엽(柳葉), 버들잎"
725,563,버들잎,유엽,"유엽(柳葉), 버들잎"
726,563,유엽,유엽,"유엽(柳葉), 버들잎"
726,563,버들잎,유엽,"유엽(柳葉), 버들잎"
727,563,유엽,유엽,"유엽(柳葉), 버들잎"
727,563,버들잎,유엽,"유엽(柳葉), 버들잎"
728,564,유향,유향,유향(乳香)
729,565,육계,육계,"육계(肉桂), 계피(桂皮)"
729,565,계피,육계,"육계(肉桂), 계피(桂皮)"
730,567,육계유,육계유,"육계유(肉桂油), 계피유(桂皮油)"
730,567,계피유,육계유,"육계유(肉桂油), 계피유(桂皮油)"
731,568,육두구,육두구,"육두구(肉豆蔲), 육두구(肉豆䓻), 육두구씨"
731,568,육두구,육두구,"육두구(肉豆蔲), 육두구(肉豆䓻), 육두구씨"
731,568,육두구씨,육두구,"육두구(肉豆蔲), 육두구(肉豆䓻), 육두구씨"
732,570,육종용,육종용,육종용(肉蓯蓉)
733,756,판율각,판율각,판율각(板栗殼)
734,571,율모각,율모각,"율모각(栗毛殼), 밤송이집, 률모각"
734,571,밤송이집,율모각,"율모각(栗毛殼), 밤송이집, 률모각"
734,571,률모각,율모각,"율모각(栗毛殼), 밤송이집, 률모각"
735,572,율초,율초,"율초(葎草), 한삼덩굴잎, 률초"
735,572,한삼덩굴잎,율초,"율초(葎草), 한삼덩굴잎, 률초"
735,572,률초,율초,"율초(葎草), 한삼덩굴잎, 률초"
736,574,은시호,은시호,은시호(銀柴胡)
737,574,은시호,은시호,"은시호(銀柴胡), 대나물뿌리, 마디나물뿌리, 산은시호(山銀柴胡)"
737,574,대나물뿌리,은시호,"은시호(銀柴胡), 대나물뿌리, 마디나물뿌리, 산은시호(山銀柴胡)"
737,574,마디나물뿌리,은시호,"은시호(銀柴胡), 대나물뿌리, 마디나물뿌리, 산은시호(山銀柴胡)"
737,574,산은시호,은시호,"은시호(銀柴胡), 대나물뿌리, 마디나물뿌리, 산은시호(山銀柴胡)"
738,575,은행엽,은행엽,"은행엽(銀杏葉), 은행잎"
738,575,은행잎,은행엽,"은행엽(銀杏葉), 은행잎"
739,576,음양곽,음양곽,"음양곽(淫羊藿), 삼지구엽초, 팔팔이"
739,576,삼지구엽초,음양곽,"음양곽(淫羊藿), 삼지구엽초, 팔팔이"
739,576,팔팔이,음양곽,"음양곽(淫羊藿), 삼지구엽초, 팔팔이"
740,576,음양곽,음양곽,음양곽(淫羊藿)
741,576,음양곽,음양곽,음양곽(淫羊藿)
742,576,음양곽,음양곽,"음양곽(淫羊藿), 무산음양곽(巫山淫羊藿)"
742,576,무산음양곽,음양곽,"음양곽(淫羊藿), 무산음양곽(巫山淫羊藿)"
743,576,음양곽,음양곽,음양곽(淫羊藿)
744,577,의이인,의이인,"의이인(薏苡仁), 율무쌀"
744,577,율무쌀,의이인,"의이인(薏苡仁), 율무쌀"
745,579,이피,이피,"이피(李皮), 이근피(李根皮), 이근백피(李根白皮)"
745,579,이근피,이피,"이피(李皮), 이근피(李根皮), 이근백피(李根白皮)"
745,579,이근백피,이피,"이피(李皮), 이근피(李根皮), 이근백피(李根白皮)"
746,580,익모초,익모초,익모초(益母草)
747,581,익지,익지,익지(益智)
748,582,인도사목,인도사목,인도사목(印度蛇木)
749,583,인동,인동,"인동(忍冬), 인동등(忍冬藤), 인동덩굴"
749,583,인동등,인동,"인동(忍冬), 인동등(忍冬藤), 인동덩굴"
749,583,인동덩굴,인동,"인동(忍冬), 인동등(忍冬藤), 인동덩굴"
750,584,인삼,인삼,"인삼(人蔘), 고려인삼"
750,584,고려인삼,인삼,"인삼(人蔘), 고려인삼"
751,586,인삼엽,인삼엽,인삼엽(人蔘葉)
752,587,인진호,인진호,"인진호(茵蔯蒿), 인진(茵蔯)"
752,587,인진,인진호,"인진호(茵蔯蒿), 인진(茵蔯)"
753,587,인진호,인진호,"인진호(茵蔯蒿), 비쑥"
753,587,비쑥,인진호,"인진호(茵蔯蒿), 비쑥"
754,589,일엽추,일엽추,"일엽추(一葉萩), 싸리버들옻, 광대싸리"
754,589,싸리버들옻,일엽추,"일엽추(一葉萩), 싸리버들옻, 광대싸리"
754,589,광대싸리,일엽추,"일엽추(一葉萩), 싸리버들옻, 광대싸리"
755,590,일지황화,일지황화,일지황화(一枝黃花)
756,591,임자,임자,임자(荏子)
757,592,자괴화,자괴화,"자괴화(刺槐花), 아카시아꽃"
757,592,아카시아꽃,자괴화,"자괴화(刺槐花), 아카시아꽃"
758,594,자기관중,자기관중,자기관중(紫萁貫衆)
759,595,자단향,자단향,"자단향(紫檀香), 자단(紫檀)"
759,595,자단,자단향,"자단향(紫檀香), 자단(紫檀)"
760,596,자매과,자매과,자매과(刺玫果)
761,596,자매과,자매과,자매과(刺玫果)
762,596,자매과,자매과,자매과(刺玫果)
763,596,자매과,자매과,자매과(刺玫果)
764,597,자목,자목,자목(柘木)
765,598,자삼,자삼,"자삼(紫杉), 주목껍질, 적목"
765,598,주목껍질,자삼,"자삼(紫杉), 주목껍질, 적목"
765,598,적목,자삼,"자삼(紫杉), 주목껍질, 적목"
766,603,자소경,자소경,자소경(紫蘇梗)
767,604,자소엽,자소엽,"자소엽(紫蘇葉), 소엽(蘇葉), 차조기"
767,604,소엽,자소엽,"자소엽(紫蘇葉), 소엽(蘇葉), 차조기"
767,604,차조기,자소엽,"자소엽(紫蘇葉), 소엽(蘇葉), 차조기"
768,605,자소자,자소자,"자소자(紫蘇子), 소자(蘇子), 차조기열매"
768,605,소자,자소자,"자소자(紫蘇子), 소자(蘇子), 차조기열매"
768,605,차조기열매,자소자,"자소자(紫蘇子), 소자(蘇子), 차조기열매"
769,606,자실,자실,"자실(梓實), 향오동열매"
769,606,향오동열매,자실,"자실(梓實), 향오동열매"
770,608,자오가,자오가,"자오가(刺五加), 가시오갈피뿌리"
770,608,가시오갈피뿌리,자오가,"자오가(刺五加), 가시오갈피뿌리"
771,609,자완,자완,"자완(紫菀), 자원(紫苑), 개미취뿌리"
771,609,자원,자완,"자완(紫菀), 자원(紫苑), 개미취뿌리"
771,609,개미취뿌리,자완,"자완(紫菀), 자원(紫苑), 개미취뿌리"
772,610,자인삼,자인삼,"자인삼(刺人參), 땅두릅뿌리껍질, 곰두릅"
772,610,땅두릅뿌리껍질,자인삼,"자인삼(刺人參), 땅두릅뿌리껍질, 곰두릅"
772,610,곰두릅,자인삼,"자인삼(刺人參), 땅두릅뿌리껍질, 곰두릅"
773,593,자근,자근,"자근(紫根), 자초(紫草), 지치뿌리"
773,593,자초,자근,"자근(紫根), 자초(紫草), 지치뿌리"
773,593,지치뿌리,자근,"자근(紫根), 자초(紫草), 지치뿌리"
774,593,자근,자근,"자근(紫根), 자초(紫草)"
774,593,자초,자근,"자근(紫根), 자초(紫草)"
775,593,자근,자근,"자근(紫根), 자초(紫草)"
775,593,자초,자근,"자근(紫根), 자초(紫草)"
776,612,자형피,자형피,"자형피(紫荊皮), 자미피(紫薇皮)"
776,612,자미피,자형피,"자형피(紫荊皮), 자미피(紫薇皮)"
777,613,자화지정,자화지정,자화지정(紫花地丁)
778,613,자화지정,자화지정,자화지정(紫花地丁)
779,614,작약,작약,"작약(芍藥), 백작(白芍), 집함박꽃뿌리, 백작약(白芍藥), 적작(赤芍), 메함박꽃뿌리, 적작약(赤芍藥)"
779,614,백작,작약,"작약(芍藥), 백작(白芍), 집함박꽃뿌리, 백작약(白芍藥), 적작(赤芍), 메함박꽃뿌리, 적작약(赤芍藥)"
779,614,집함박꽃뿌리,작약,"작약(芍藥), 백작(白芍), 집함박꽃뿌리, 백작약(白芍藥), 적작(赤芍), 메함박꽃뿌리, 적작약(赤芍藥)"
779,614,백작약,작약,"작약(芍藥), 백작(白芍), 집함박꽃뿌리, 백작약(白芍藥), 적작(赤芍), 메함박꽃뿌리, 적작약(赤芍藥)"
779,614,적작,작약,"작약(芍藥), 백작(白芍), 집함박꽃뿌리, 백작약(白芍藥), 적작(赤芍), 메함박꽃뿌리, 적작약(赤芍藥)"
779,614,메함박꽃뿌리,작약,"작약(芍藥), 백작(白芍), 집함박꽃뿌리, 백작약(白芍藥), 적작(赤芍), 메함박꽃뿌리, 적작약(赤芍藥)"
779,614,적작약,작약,"작약(芍藥), 백작(白芍), 집함박꽃뿌리, 백작약(白芍藥), 적작(赤芍), 메함박꽃뿌리, 적작약(赤芍藥)"
780,614,작약,작약,작약(芍藥)
781,614,작약,작약,작약(芍藥)
782,617,장뇌,장뇌,장뇌(樟腦)
783,618,장창포,장창포,"장창포(藏菖蒲), 창포뿌리줄기"
783,618,창포뿌리줄기,장창포,"장창포(藏菖蒲), 창포뿌리줄기"
784,621,저마근,저마근,"저마근(苧麻根), 저근(苧根), 저마(苧麻)"
784,621,저근,저마근,"저마근(苧麻根), 저근(苧根), 저마(苧麻)"
784,621,저마,저마근,"저마근(苧麻根), 저근(苧根), 저마(苧麻)"
785,622,저백피,저백피,"저백피(樗白皮), 저근백피(樗根白皮), 가중나무껍질, 춘피(椿皮), 취춘피(臭椿皮)"
785,622,저근백피,저백피,"저백피(樗白皮), 저근백피(樗根白皮), 가중나무껍질, 춘피(椿皮), 취춘피(臭椿皮)"
785,622,가중나무껍질,저백피,"저백피(樗白皮), 저근백피(樗根白皮), 가중나무껍질, 춘피(椿皮), 취춘피(臭椿皮)"
785,622,춘피,저백피,"저백피(樗白皮), 저근백피(樗根白皮), 가중나무껍질, 춘피(椿皮), 취춘피(臭椿皮)"
785,622,취춘피,저백피,"저백피(樗白皮), 저근백피(樗根白皮), 가중나무껍질, 춘피(椿皮), 취춘피(臭椿皮)"
786,623,저실자,저실자,저실자(楮實子)
787,623,저실자,저실자,저실자(楮實子)
788,626,적설초,적설초,적설초(積雪草)
789,627,적소두,적소두,적소두(赤小豆)
790,627,적소두,적소두,적소두(赤小豆)
791,628,적전,적전,"적전(赤箭), 천마싹"
791,628,천마싹,적전,"적전(赤箭), 천마싹"
792,313,벨라돈나근,벨라돈나근,"벨라돈나근, 전가근(顚茄根)"
792,313,전가근,벨라돈나근,"벨라돈나근, 전가근(顚茄根)"
793,630,전가초,전가초,전가초(顚茄草)
794,632,전광국,전광국,"전광국(全光菊), 께묵, 계명초"
794,632,께묵,전광국,"전광국(全光菊), 께묵, 계명초"
794,632,계명초,전광국,"전광국(全光菊), 께묵, 계명초"
798,634,전호,전호,"전호(前胡), 전호(全胡)"
798,634,전호,전호,"전호(前胡), 전호(全胡)"
799,634,전호,전호,"전호(前胡), 전호(全胡), 자화전호(紫花前胡), 바디나물뿌리"
799,634,전호,전호,"전호(前胡), 전호(全胡), 자화전호(紫花前胡), 바디나물뿌리"
799,634,자화전호,전호,"전호(前胡), 전호(全胡), 자화전호(紫花前胡), 바디나물뿌리"
799,634,바디나물뿌리,전호,"전호(前胡), 전호(全胡), 자화전호(紫花前胡), 바디나물뿌리"
800,1157,아삼,아삼,"아삼(峨參), 생치나물뿌리, 전호"
800,1157,생치나물뿌리,아삼,"아삼(峨參), 생치나물뿌리, 전호"
800,1157,전호,아삼,"아삼(峨參), 생치나물뿌리, 전호"
802,390,생치나물뿌리,생치나물뿌리,생치나물뿌리
803,635,절패모,절패모,"절패모(浙貝母), 패모(貝母)"
803,635,패모,절패모,"절패모(浙貝母), 패모(貝母)"
804,636,접골목,접골목,접골목(接骨木)
805,637,정공등,정공등,정공등(丁公藤)
806,637,정공등,정공등,정공등(丁公藤)
807,638,정력자,정력자,"정력자(葶藶子), 정력(丁藶), 꽃다지씨"
807,638,정력,정력자,"정력자(葶藶子), 정력(丁藶), 꽃다지씨"
807,638,꽃다지씨,정력자,"정력자(葶藶子), 정력(丁藶), 꽃다지씨"
808,638,정력자,정력자,"정력자(葶藶子), 정력(丁藶)"
808,638,정력,정력자,"정력자(葶藶子), 정력(丁藶)"
809,638,정력자,정력자,"정력자(葶藶子), 꽃다지씨"
809,638,꽃다지씨,정력자,"정력자(葶藶子), 꽃다지씨"
810,639,정류,정류,"정류(檉柳), 서하류(西河柳)"
810,639,서하류,정류,"정류(檉柳), 서하류(西河柳)"
811,642,정향,정향,"정향(丁香), 정자(丁子)"
811,642,정자,정향,"정향(丁香), 정자(丁子)"
812,644,정향엽,정향엽,정향엽(丁香葉)
813,644,정향엽,정향엽,"정향엽(丁香葉), 넓은잎정향나무잎"
813,644,넓은잎정향나무잎,정향엽,"정향엽(丁香葉), 넓은잎정향나무잎"
814,645,정향유,정향유,"정향유(丁香油), 정자유(丁子油), 정향정유, 정향기름"
814,645,정자유,정향유,"정향유(丁香油), 정자유(丁子油), 정향정유, 정향기름"
814,645,정향정유,정향유,"정향유(丁香油), 정자유(丁子油), 정향정유, 정향기름"
814,645,정향기름,정향유,"정향유(丁香油), 정자유(丁子油), 정향정유, 정향기름"
815,646,제니,제니,"제니(薺苨), 게루기"
815,646,게루기,제니,"제니(薺苨), 게루기"
817,648,제채,제채,"제채(薺菜), 냉이"
817,648,냉이,제채,"제채(薺菜), 냉이"
818,649,조각자,조각자,"조각자(皂角刺), 주염나무가시"
818,649,주염나무가시,조각자,"조각자(皂角刺), 주염나무가시"
819,649,조각자,조각자,조각자(皂角刺)
820,650,조구등,조구등,"조구등(釣鉤藤), 구등(鉤藤), 조등구(釣藤鉤), 조등구(釣藤鈎)"
820,650,구등,조구등,"조구등(釣鉤藤), 구등(鉤藤), 조등구(釣藤鉤), 조등구(釣藤鈎)"
820,650,조등구,조구등,"조구등(釣鉤藤), 구등(鉤藤), 조등구(釣藤鉤), 조등구(釣藤鈎)"
820,650,조등구,조구등,"조구등(釣鉤藤), 구등(鉤藤), 조등구(釣藤鉤), 조등구(釣藤鈎)"
821,651,조협,조협,"조협(皂莢), 주염나무열매"
821,651,주염나무열매,조협,"조협(皂莢), 주염나무열매"
822,651,조협,조협,"조협(皂莢), 저아조(豬牙皂)"
822,651,저아조,조협,"조협(皂莢), 저아조(豬牙皂)"
823,652,종대황,종대황,종대황(種大黃)
824,653,종려피,종려피,"종려피(棕櫚皮), 종려(棕櫚)"
824,653,종려,종려피,"종려피(棕櫚皮), 종려(棕櫚)"
825,654,종절풍,종절풍,종절풍(腫節風)
826,656,주사근,주사근,주사근(朱砂根)
827,658,죽력,죽력,"죽력(竹瀝), 선죽력(鮮竹瀝)"
827,658,선죽력,죽력,"죽력(竹瀝), 선죽력(鮮竹瀝)"
828,658,죽력,죽력,"죽력(竹瀝), 선죽력(鮮竹瀝)"
828,658,선죽력,죽력,"죽력(竹瀝), 선죽력(鮮竹瀝)"
829,659,죽여,죽여,"죽여(竹茹), 죽여(竹筎)"
829,659,죽여,죽여,"죽여(竹茹), 죽여(竹筎)"
830,659,죽여,죽여,"죽여(竹茹), 죽여(竹筎), 참대속껍질"
830,659,죽여,죽여,"죽여(竹茹), 죽여(竹筎), 참대속껍질"
830,659,참대속껍질,죽여,"죽여(竹茹), 죽여(竹筎), 참대속껍질"
831,659,죽여,죽여,죽여(竹茹)
832,659,죽여,죽여,죽여(竹茹)
833,369,산죽,산죽,산죽
834,369,산죽,산죽,산죽
835,660,죽엽,죽엽,죽엽(竹葉)
836,660,죽엽,죽엽,"죽엽(竹葉), 참대잎"
836,660,참대잎,죽엽,"죽엽(竹葉), 참대잎"
837,660,죽엽,죽엽,"죽엽(竹葉), 참대잎"
837,660,참대잎,죽엽,"죽엽(竹葉), 참대잎"
838,660,죽엽,죽엽,"죽엽(竹葉), 참대잎"
838,660,참대잎,죽엽,"죽엽(竹葉), 참대잎"
839,661,지각,지각,"지각(枳殼), 지각(只殼), 탱자선열매"
839,661,지각,지각,"지각(枳殼), 지각(只殼), 탱자선열매"
839,661,탱자선열매,지각,"지각(枳殼), 지각(只殼), 탱자선열매"
840,661,지각,지각,"지각(枳殼), 지각(只殼), 탱자선열매"
840,661,지각,지각,"지각(枳殼), 지각(只殼), 탱자선열매"
840,661,탱자선열매,지각,"지각(枳殼), 지각(只殼), 탱자선열매"
841,661,지각,지각,"지각(枳殼), 탱자선열매"
841,661,탱자선열매,지각,"지각(枳殼), 탱자선열매"
842,662,지골피,지골피,"지골피(地骨皮), 구기자뿌리껍질"
842,662,구기자뿌리껍질,지골피,"지골피(地骨皮), 구기자뿌리껍질"
843,662,지골피,지골피,지골피(地骨皮)
844,663,지구자,지구자,"지구자(枳椇子), 목밀(木密)"
844,663,목밀,지구자,"지구자(枳椇子), 목밀(木密)"
845,664,지금초,지금초,지금초(地錦草)
846,664,지금초,지금초,지금초(地錦草)
847,666,지모,지모,"지모(知母), 지모뿌리, 제모"
847,666,지모뿌리,지모,"지모(知母), 지모뿌리, 제모"
847,666,제모,지모,"지모(知母), 지모뿌리, 제모"
848,667,지모엽,지모엽,"지모엽(知母葉), 지모잎"
848,667,지모잎,지모엽,"지모엽(知母葉), 지모잎"
849,668,지부자,지부자,"지부자(地膚子), 댑싸리열매"
849,668,댑싸리열매,지부자,"지부자(地膚子), 댑싸리열매"
850,669,지실,지실,"지실(枳實), 선탱자"
850,669,선탱자,지실,"지실(枳實), 선탱자"
851,669,지실,지실,"지실(枳實), 선탱자"
851,669,선탱자,지실,"지실(枳實), 선탱자"
852,669,지실,지실,"지실(枳實), 선탱자"
852,669,선탱자,지실,"지실(枳實), 선탱자"
853,669,지실,지실,"지실(枳實), 선탱자"
853,669,선탱자,지실,"지실(枳實), 선탱자"
854,669,지실,지실,"지실(枳實), 선탱자"
854,669,선탱자,지실,"지실(枳實), 선탱자"
855,669,지실,지실,"지실(枳實), 선탱자"
855,669,선탱자,지실,"지실(枳實), 선탱자"
856,669,지실,지실,"지실(枳實), 선탱자"
856,669,선탱자,지실,"지실(枳實), 선탱자"
857,669,지실,지실,"지실(枳實), 선탱자"
857,669,선탱자,지실,"지실(枳實), 선탱자"
858,670,지유,지유,"지유(地楡), 옥시(玉豉), 오이풀뿌리"
858,670,옥시,지유,"지유(地楡), 옥시(玉豉), 오이풀뿌리"
858,670,오이풀뿌리,지유,"지유(地楡), 옥시(玉豉), 오이풀뿌리"
859,670,지유,지유,"지유(地楡), 옥시(玉豉)"
859,670,옥시,지유,"지유(地楡), 옥시(玉豉)"
860,670,지유,지유,"지유(地楡), 오이풀뿌리"
860,670,오이풀뿌리,지유,"지유(地楡), 오이풀뿌리"
861,672,지이초,지이초,지이초(地耳草)
862,673,지황,지황,"지황(地黃), 지황뿌리, 마른지황"
862,673,지황뿌리,지황,"지황(地黃), 지황뿌리, 마른지황"
862,673,마른지황,지황,"지황(地黃), 지황뿌리, 마른지황"
863,674,진교,진교,진교(秦艽)
864,674,진교,진교,진교(秦艽)
865,674,진교,진교,진교(秦艽)
866,674,진교,진교,진교(秦艽)
867,676,진주매,진주매,"진주매(珍珠梅), 쉬땅나무가지잎"
867,676,쉬땅나무가지잎,진주매,"진주매(珍珠梅), 쉬땅나무가지잎"
868,677,진피,진피,"진피(秦皮), 물푸레껍질"
868,677,물푸레껍질,진피,"진피(秦皮), 물푸레껍질"
869,677,진피,진피,진피(秦皮)
870,677,진피,진피,진피(秦皮)
871,677,진피,진피,진피(秦皮)
872,677,진피,진피,진피(秦皮)
873,677,진피,진피,진피(秦皮)
874,677,진피,진피,진피(秦皮)
875,678,진피,진피,"진피(陳皮), 귤껍질, 귤피(橘皮)"
875,678,귤껍질,진피,"진피(陳皮), 귤껍질, 귤피(橘皮)"
875,678,귤피,진피,"진피(陳皮), 귤껍질, 귤피(橘皮)"
876,96,귤피,귤피,귤피(橘皮)
877,96,귤피,귤피,귤피(橘皮)
878,680,질려자,질려자,"질려자(蒺藜子), 질려(蒺藜), 남가새열매, 백질려"
878,680,질려,질려자,"질려자(蒺藜子), 질려(蒺藜), 남가새열매, 백질려"
878,680,남가새열매,질려자,"질려자(蒺藜子), 질려(蒺藜), 남가새열매, 백질려"
878,680,백질려,질려자,"질려자(蒺藜子), 질려(蒺藜), 남가새열매, 백질려"
879,151,다엽가루,다엽가루,"다엽가루, 차엽(茶葉), 다엽(茶葉), 세차(細茶)"
879,151,차엽,다엽가루,"다엽가루, 차엽(茶葉), 다엽(茶葉), 세차(細茶)"
879,151,다엽,다엽가루,"다엽가루, 차엽(茶葉), 다엽(茶葉), 세차(細茶)"
879,151,세차,다엽가루,"다엽가루, 차엽(茶葉), 다엽(茶葉), 세차(細茶)"
880,682,차전자,차전자,"차전자(車前子), 질경이씨"
880,682,질경이씨,차전자,"차전자(車前子), 질경이씨"
881,682,차전자,차전자,"차전자(車前子), 질경이씨"
881,682,질경이씨,차전자,"차전자(車前子), 질경이씨"
882,683,차전자피식이섬유,차전자피식이섬유,차전자피식이섬유
883,683,차전자피식이섬유,차전자피식이섬유,차전자피식이섬유
884,683,차전자피식이섬유,차전자피식이섬유,차전자피식이섬유
885,683,차전자피식이섬유,차전자피식이섬유,차전자피식이섬유
886,684,차전초,차전초,"차전초(車前草), 질경이"
886,684,질경이,차전초,"차전초(車前草), 질경이"
887,684,차전초,차전초,"차전초(車前草), 질경이"
887,684,질경이,차전초,"차전초(車前草), 질경이"
888,685,창이자,창이자,"창이자(蒼耳子), 도꼬마리"
888,685,도꼬마리,창이자,"창이자(蒼耳子), 도꼬마리"
889,686,창출,창출,창출(蒼朮)
890,686,창출,창출,"창출(蒼朮), 삽주"
890,686,삽주,창출,"창출(蒼朮), 삽주"
891,686,창출,창출,"창출(蒼朮), 삽주"
891,686,삽주,창출,"창출(蒼朮), 삽주"
892,688,천골,천골,"천골(川骨), 평봉초(萍蓬草)"
892,688,평봉초,천골,"천골(川骨), 평봉초(萍蓬草)"
893,689,천궁,천궁,"천궁(川芎), 궁궁이뿌리"
893,689,궁궁이뿌리,천궁,"천궁(川芎), 궁궁이뿌리"
894,689,천궁,천궁,"천궁(川芎), 궁궁(芎藭)"
894,689,궁궁,천궁,"천궁(川芎), 궁궁(芎藭)"
895,691,천규자,천규자,천규자(天葵子)
896,692,천남성,천남성,천남성(天南星)
897,692,천남성,천남성,천남성(天南星)
898,692,천남성,천남성,천남성(天南星)
899,692,천남성,천남성,천남성(天南星)
900,692,천남성,천남성,천남성(天南星)
901,692,천남성,천남성,천남성(天南星)
902,692,천남성,천남성,"천남성(天南星), 보타남성(普陀南星)"
902,692,보타남성,천남성,"천남성(天南星), 보타남성(普陀南星)"
903,692,천남성,천남성,천남성(天南星)
904,693,천년건,천년건,천년건(千年健)
905,694,천련자,천련자,"천련자(川楝子), 금령자(金鈴子)"
905,694,금령자,천련자,"천련자(川楝子), 금령자(金鈴子)"
906,695,천마,천마,"천마(天麻), 천마덩이줄기, 적전근"
906,695,천마덩이줄기,천마,"천마(天麻), 천마덩이줄기, 적전근"
906,695,적전근,천마,"천마(天麻), 천마덩이줄기, 적전근"
907,696,천명정,천명정,천명정(天名精)
908,697,천문동,천문동,"천문동(天門冬), 천동(天冬)"
908,697,천동,천문동,"천문동(天門冬), 천동(天冬)"
909,698,천사간,천사간,천사간(川射干)
910,700,천산룡,천산룡,"천산룡(穿山龍), 부채마"
910,700,부채마,천산룡,"천산룡(穿山龍), 부채마"
911,702,천선자,천선자,천선자(天仙子)
912,701,천선등,천선등,천선등(天仙藤)
913,772,하르파고피툼근,하르파고피툼근,"하르파고피툼근, 악마의발톱"
913,772,악마의발톱,하르파고피툼근,"하르파고피툼근, 악마의발톱"
914,704,천오,천오,천오(川烏)
915,705,천초근,천초근,"천초근(茜草根), 천초(茜草), 홍천근(紅茜根), 꼭두서니뿌리"
915,705,천초,천초근,"천초근(茜草根), 천초(茜草), 홍천근(紅茜根), 꼭두서니뿌리"
915,705,홍천근,천초근,"천초근(茜草根), 천초(茜草), 홍천근(紅茜根), 꼭두서니뿌리"
915,705,꼭두서니뿌리,천초근,"천초근(茜草根), 천초(茜草), 홍천근(紅茜根), 꼭두서니뿌리"
916,705,천초근,천초근,"천초근(茜草根), 천초(茜草), 홍천근(紅茜根)"
916,705,천초,천초근,"천초근(茜草根), 천초(茜草), 홍천근(紅茜根)"
916,705,홍천근,천초근,"천초근(茜草根), 천초(茜草), 홍천근(紅茜根)"
917,705,천초근,천초근,"천초근(茜草根), 천초(茜草), 홍천근(紅茜根)"
917,705,천초,천초근,"천초근(茜草根), 천초(茜草), 홍천근(紅茜根)"
917,705,홍천근,천초근,"천초근(茜草根), 천초(茜草), 홍천근(紅茜根)"
918,705,천초근,천초근,"천초근(茜草根), 천초(茜草), 홍천근(紅茜根)"
918,705,천초,천초근,"천초근(茜草根), 천초(茜草), 홍천근(紅茜根)"
918,705,홍천근,천초근,"천초근(茜草根), 천초(茜草), 홍천근(紅茜根)"
919,705,천초근,천초근,"천초근(茜草根), 천초(茜草), 홍천근(紅茜根)"
919,705,천초,천초근,"천초근(茜草根), 천초(茜草), 홍천근(紅茜根)"
919,705,홍천근,천초근,"천초근(茜草根), 천초(茜草), 홍천근(紅茜根)"
920,706,천축황,천축황,"천축황(天竺黃), 축황(竺黃), 참대속진, 천죽황"
920,706,축황,천축황,"천축황(天竺黃), 축황(竺黃), 참대속진, 천죽황"
920,706,참대속진,천축황,"천축황(天竺黃), 축황(竺黃), 참대속진, 천죽황"
920,706,천죽황,천축황,"천축황(天竺黃), 축황(竺黃), 참대속진, 천죽황"
921,706,천축황,천축황,"천축황(天竺黃), 축황(竺黃), 참대속진, 천죽황"
921,706,축황,천축황,"천축황(天竺黃), 축황(竺黃), 참대속진, 천죽황"
921,706,참대속진,천축황,"천축황(天竺黃), 축황(竺黃), 참대속진, 천죽황"
921,706,천죽황,천축황,"천축황(天竺黃), 축황(竺黃), 참대속진, 천죽황"
922,706,천축황,천축황,"천축황(天竺黃), 축황(竺黃), 참대속진, 천죽황"
922,706,축황,천축황,"천축황(天竺黃), 축황(竺黃), 참대속진, 천죽황"
922,706,참대속진,천축황,"천축황(天竺黃), 축황(竺黃), 참대속진, 천죽황"
922,706,천죽황,천축황,"천축황(天竺黃), 축황(竺黃), 참대속진, 천죽황"
923,706,천축황,천축황,"천축황(天竺黃), 참대속진, 천죽황"
923,706,참대속진,천축황,"천축황(天竺黃), 참대속진, 천죽황"
923,706,천죽황,천축황,"천축황(天竺黃), 참대속진, 천죽황"
924,706,천축황,천축황,"천축황(天竺黃), 참대속진, 천죽황"
924,706,참대속진,천축황,"천축황(天竺黃), 참대속진, 천죽황"
924,706,천죽황,천축황,"천축황(天竺黃), 참대속진, 천죽황"
925,706,천축황,천축황,"천축황(天竺黃), 참대속진, 천죽황"
925,706,참대속진,천축황,"천축황(天竺黃), 참대속진, 천죽황"
925,706,천죽황,천축황,"천축황(天竺黃), 참대속진, 천죽황"
926,707,천패모,천패모,천패모(川貝母)
927,707,천패모,천패모,천패모(川貝母)
928,707,천패모,천패모,천패모(川貝母)
929,707,천패모,천패모,천패모(川貝母)
930,708,철사위령선,철사위령선,"철사위령선(鐵絲威靈仙), 철사영선(鐵絲靈仙)"
930,708,철사영선,철사위령선,"철사위령선(鐵絲威靈仙), 철사영선(鐵絲靈仙)"
931,710,첨과자,첨과자,첨과자(甜瓜子)
932,711,첨지정,첨지정,첨지정(甜地丁)
933,712,청대,청대,"청대(靑黛), 쪽"
933,712,쪽,청대,"청대(靑黛), 쪽"
934,712,청대,청대,"청대(靑黛), 쪽"
934,712,쪽,청대,"청대(靑黛), 쪽"
935,712,청대,청대,청대(靑黛)
936,713,청목향,청목향,"청목향(靑木香), 방울풀뿌리, 토청목향"
936,713,방울풀뿌리,청목향,"청목향(靑木香), 방울풀뿌리, 토청목향"
936,713,토청목향,청목향,"청목향(靑木香), 방울풀뿌리, 토청목향"
937,714,청상자,청상자,"청상자(靑葙子), 들맨드라미씨"
937,714,들맨드라미씨,청상자,"청상자(靑葙子), 들맨드라미씨"
938,715,청피,청피,"청피(靑皮), 선귤껍질"
938,715,선귤껍질,청피,"청피(靑皮), 선귤껍질"
939,716,청호,청호,"청호(靑蒿), 잔잎쑥"
939,716,잔잎쑥,청호,"청호(靑蒿), 잔잎쑥"
940,716,청호,청호,"청호(靑蒿), 갯사철쑥, 큰사철쑥"
940,716,갯사철쑥,청호,"청호(靑蒿), 갯사철쑥, 큰사철쑥"
940,716,큰사철쑥,청호,"청호(靑蒿), 갯사철쑥, 큰사철쑥"
941,716,청호,청호,"청호(靑蒿), 제비쑥"
941,716,제비쑥,청호,"청호(靑蒿), 제비쑥"
942,717,초과,초과,"초과(草果), 초과열매"
942,717,초과열매,초과,"초과(草果), 초과열매"
943,718,초두구,초두구,"초두구(草豆蔲), 초두구(草豆䓻), 초두구씨"
943,718,초두구,초두구,"초두구(草豆蔲), 초두구(草豆䓻), 초두구씨"
943,718,초두구씨,초두구,"초두구(草豆蔲), 초두구(草豆䓻), 초두구씨"
944,719,초오,초오,"초오(草烏), 토부자(土附子), 바꽃뿌리"
944,719,토부자,초오,"초오(草烏), 토부자(土附子), 바꽃뿌리"
944,719,바꽃뿌리,초오,"초오(草烏), 토부자(土附子), 바꽃뿌리"
945,719,초오,초오,"초오(草烏), 토부자(土附子)"
945,719,토부자,초오,"초오(草烏), 토부자(土附子)"
946,719,초오,초오,"초오(草烏), 토부자(土附子)"
946,719,토부자,초오,"초오(草烏), 토부자(土附子)"
947,719,초오,초오,"초오(草烏), 바꽃뿌리"
947,719,바꽃뿌리,초오,"초오(草烏), 바꽃뿌리"
948,720,초오아,초오아,초오아(草烏芽)
949,721,초오엽,초오엽,초오엽(草烏葉)
950,723,촉규화,촉규화,촉규화(蜀葵花)
951,724,총목피,총목피,"총목피(楤木皮), 두릅껍질, 타라근피(タラ根皮)"
951,724,두릅껍질,총목피,"총목피(楤木皮), 두릅껍질, 타라근피(タラ根皮)"
951,724,타라근피,총목피,"총목피(楤木皮), 두릅껍질, 타라근피(タラ根皮)"
952,725,총백,총백,"총백(葱白), 파뿌리"
952,725,파뿌리,총백,"총백(葱白), 파뿌리"
953,726,충백랍,충백랍,충백랍(蟲白蠟)
954,726,충백랍,충백랍,충백랍(蟲白蠟)
955,726,충백랍,충백랍,충백랍(蟲白蠟)
956,726,충백랍,충백랍,충백랍(蟲白蠟)
957,726,충백랍,충백랍,충백랍(蟲白蠟)
959,726,충백랍,충백랍,충백랍(蟲白蠟)
960,726,충백랍,충백랍,충백랍(蟲白蠟)
961,727,충위자,충위자,"충위자(茺蔚子), 익모초자(益母草子), 익모초열매"
961,727,익모초자,충위자,"충위자(茺蔚子), 익모초자(益母草子), 익모초열매"
961,727,익모초열매,충위자,"충위자(茺蔚子), 익모초자(益母草子), 익모초열매"
962,728,취오동,취오동,"취오동(臭梧桐), 누리장나무잎, 취오동잎"
962,728,누리장나무잎,취오동,"취오동(臭梧桐), 누리장나무잎, 취오동잎"
962,728,취오동잎,취오동,"취오동(臭梧桐), 누리장나무잎, 취오동잎"
963,729,측백엽,측백엽,"측백엽(側柏葉), 백엽(栢葉), 측백잎"
963,729,백엽,측백엽,"측백엽(側柏葉), 백엽(栢葉), 측백잎"
963,729,측백잎,측백엽,"측백엽(側柏葉), 백엽(栢葉), 측백잎"
964,730,치자,치자,"치자(梔子), 산치자(山梔子), 치자열매"
964,730,산치자,치자,"치자(梔子), 산치자(山梔子), 치자열매"
964,730,치자열매,치자,"치자(梔子), 산치자(山梔子), 치자열매"
965,732,칠피,칠피,"칠피(漆皮),칠수피(漆樹皮)"
965,732,칠수피,칠피,"칠피(漆皮),칠수피(漆樹皮)"
966,733,침향,침향,"침향(沈香), 침수향(沈水香)"
966,733,침수향,침향,"침향(沈香), 침수향(沈水香)"
967,734,콘두란고,콘두란고,콘두란고
968,735,태자삼,태자삼,"태자삼(太子參), 들별꽃뿌리"
968,735,들별꽃뿌리,태자삼,"태자삼(太子參), 들별꽃뿌리"
969,736,택란,택란,"택란(澤蘭), 쉽싸리"
969,736,쉽싸리,택란,"택란(澤蘭), 쉽싸리"
970,737,택사,택사,"택사(澤瀉), 쇠태나물"
970,737,쇠태나물,택사,"택사(澤瀉), 쇠태나물"
971,737,택사,택사,"택사(澤瀉), 쇠태나물"
971,737,쇠태나물,택사,"택사(澤瀉), 쇠태나물"
972,739,토근,토근,토근(吐根)
973,742,토목향,토목향,"토목향(土木香), 목향뿌리"
973,742,목향뿌리,토목향,"토목향(土木香), 목향뿌리"
974,743,토복령,토복령,"토복령(土茯苓), 산귀래(山歸來), 발계(菝葜), 청미래덩굴뿌리"
974,743,산귀래,토복령,"토복령(土茯苓), 산귀래(山歸來), 발계(菝葜), 청미래덩굴뿌리"
974,743,발계,토복령,"토복령(土茯苓), 산귀래(山歸來), 발계(菝葜), 청미래덩굴뿌리"
974,743,청미래덩굴뿌리,토복령,"토복령(土茯苓), 산귀래(山歸來), 발계(菝葜), 청미래덩굴뿌리"
975,743,토복령,토복령,"토복령(土茯苓), 산귀래(山歸來)"
975,743,산귀래,토복령,"토복령(土茯苓), 산귀래(山歸來)"
976,744,토사자,토사자,"토사자(菟絲子), 금사초(金絲草)"
976,744,금사초,토사자,"토사자(菟絲子), 금사초(金絲草)"
977,744,토사자,토사자,"토사자(菟絲子), 새삼씨"
977,744,새삼씨,토사자,"토사자(菟絲子), 새삼씨"
978,744,토사자,토사자,"토사자(菟絲子), 새삼씨"
978,744,새삼씨,토사자,"토사자(菟絲子), 새삼씨"
979,745,토형피,토형피,토형피(土荊皮)
980,746,통초,통초,통초(通草)
981,747,투골초,투골초,투골초(透骨草)
982,747,투골초,투골초,투골초(透骨草)
983,747,투골초,투골초,투골초(透骨草)
984,748,트라가칸타,트라가칸타,트라가칸타
985,750,파극천,파극천,"파극천(巴戟天), Radix Morindae"
985,750,Radix Morindae,파극천,"파극천(巴戟天), Radix Morindae"
986,754,파두,파두,파두(巴豆)
987,755,판람근,판람근,"판람근(板藍根), 북판람근(北板藍根)"
987,755,북판람근,판람근,"판람근(板藍根), 북판람근(北板藍根)"
988,757,팔각회향,팔각회향,팔각회향(八角茴香)
989,758,패란,패란,패란(佩蘭)
990,758,패란,패란,패란(佩蘭)
991,759,패장,패장,"패장(敗醬), 녹장근(鹿醬根), 마타리"
991,759,녹장근,패장,"패장(敗醬), 녹장근(鹿醬根), 마타리"
991,759,마타리,패장,"패장(敗醬), 녹장근(鹿醬根), 마타리"
992,759,패장,패장,"패장(敗醬), 녹장근(鹿醬根), 마타리"
992,759,녹장근,패장,"패장(敗醬), 녹장근(鹿醬根), 마타리"
992,759,마타리,패장,"패장(敗醬), 녹장근(鹿醬根), 마타리"
993,760,편축,편축,"편축(萹蓄), 마디풀"
993,760,마디풀,편축,"편축(萹蓄), 마디풀"
994,761,평패모,평패모,"평패모(平貝母), 패모비늘줄기"
994,761,패모비늘줄기,평패모,"평패모(平貝母), 패모비늘줄기"
995,762,포공영,포공영,"포공영(蒲公英), 황화지정(黃花地丁), 민들레"
995,762,황화지정,포공영,"포공영(蒲公英), 황화지정(黃花地丁), 민들레"
995,762,민들레,포공영,"포공영(蒲公英), 황화지정(黃花地丁), 민들레"
996,762,포공영,포공영,"포공영(蒲公英), 황화지정(黃花地丁)"
996,762,황화지정,포공영,"포공영(蒲公英), 황화지정(黃花地丁)"
997,762,포공영,포공영,"포공영(蒲公英), 황화지정(黃花地丁)"
997,762,황화지정,포공영,"포공영(蒲公英), 황화지정(黃花地丁)"
998,762,포공영,포공영,"포공영(蒲公英), 황화지정(黃花地丁), 민들레"
998,762,황화지정,포공영,"포공영(蒲公英), 황화지정(黃花地丁), 민들레"
998,762,민들레,포공영,"포공영(蒲公英), 황화지정(黃花地丁), 민들레"
999,762,포공영,포공영,"포공영(蒲公英), 황화지정(黃花地丁)"
999,762,황화지정,포공영,"포공영(蒲公英), 황화지정(黃花地丁)"
1000,762,포공영,포공영,포공영(蒲公英)
1001,762,포공영,포공영,포공영(蒲公英)
1002,762,포공영,포공영,포공영(蒲公英)
1003,763,포황,포황,"포황(蒲黃), 향포(香蒲), 부들꽃가루"
1003,763,향포,포황,"포황(蒲黃), 향포(香蒲), 부들꽃가루"
1003,763,부들꽃가루,포황,"포황(蒲黃), 향포(香蒲), 부들꽃가루"
1004,763,포황,포황,"포황(蒲黃), 향포(香蒲)"
1004,763,향포,포황,"포황(蒲黃), 향포(香蒲)"
1005,763,포황,포황,"포황(蒲黃), 향포(香蒲), 부들꽃가루"
1005,763,향포,포황,"포황(蒲黃), 향포(香蒲), 부들꽃가루"
1005,763,부들꽃가루,포황,"포황(蒲黃), 향포(香蒲), 부들꽃가루"
1006,763,포황,포황,"포황(蒲黃), 향포(香蒲), 부들꽃가루"
1006,763,향포,포황,"포황(蒲黃), 향포(香蒲), 부들꽃가루"
1006,763,부들꽃가루,포황,"포황(蒲黃), 향포(香蒲), 부들꽃가루"
1007,764,폭마자피,폭마자피,폭마자피(暴馬子皮)
1008,766,풍향수엽,풍향수엽,풍향수엽(楓香樹葉)
1009,767,풍향지,풍향지,풍향지(楓香脂)
1010,769,필발,필발,"필발(蓽撥), 필발(畢撥)"
1010,769,필발,필발,"필발(蓽撥), 필발(畢撥)"
1011,770,필징가,필징가,"필징가(蓽澄茄), 징가(澄茄)"
1011,770,징가,필징가,"필징가(蓽澄茄), 징가(澄茄)"
1012,770,필징가,필징가,"필징가(蓽澄茄), 징가(澄茄)"
1012,770,징가,필징가,"필징가(蓽澄茄), 징가(澄茄)"
1013,771,하고초,하고초,"하고초(夏枯草), 꿀풀"
1013,771,꿀풀,하고초,"하고초(夏枯草), 꿀풀"
1014,771,하고초,하고초,하고초(夏枯草)
1015,773,하수오,하수오,"하수오(何首烏), 붉은조롱뿌리, 적하수오"
1015,773,붉은조롱뿌리,하수오,"하수오(何首烏), 붉은조롱뿌리, 적하수오"
1015,773,적하수오,하수오,"하수오(何首烏), 붉은조롱뿌리, 적하수오"
1016,774,하엽,하엽,"하엽(荷葉), 하엽체(荷葉體), 련꽃잎"
1016,774,하엽체,하엽,"하엽(荷葉), 하엽체(荷葉體), 련꽃잎"
1016,774,련꽃잎,하엽,"하엽(荷葉), 하엽체(荷葉體), 련꽃잎"
1017,775,하천무,하천무,하천무(夏天無)
1018,776,학슬,학슬,학슬(鶴虱)
1019,777,한련초,한련초,"한련초(旱蓮草), 묵한련(墨旱蓮), 한년풀"
1019,777,묵한련,한련초,"한련초(旱蓮草), 묵한련(墨旱蓮), 한년풀"
1019,777,한년풀,한련초,"한련초(旱蓮草), 묵한련(墨旱蓮), 한년풀"
1020,778,한속단,한속단,"한속단(韓續斷), 조소(糙蘇)"
1020,778,조소,한속단,"한속단(韓續斷), 조소(糙蘇)"
1021,780,한인진,한인진,"한인진(韓茵蔯), 생당쑥"
1021,780,생당쑥,한인진,"한인진(韓茵蔯), 생당쑥"
1022,782,합환엽,합환엽,"합환엽(合歡葉), 자귀나무잎"
1022,782,자귀나무잎,합환엽,"합환엽(合歡葉), 자귀나무잎"
1023,783,합환피,합환피,"합환피(合歡皮), 야합피(夜合皮)"
1023,783,야합피,합환피,"합환피(合歡皮), 야합피(夜合皮)"
1024,784,합환화,합환화,합환화(合歡花)
1025,786,해금사,해금사,"해금사(海金沙), 실고사리씨"
1025,786,실고사리씨,해금사,"해금사(海金沙), 실고사리씨"
1026,787,해대,해대,해대(海帶)
1027,788,해동피,해동피,"해동피(海桐皮), 자동피(刺桐皮), 엄나무껍질"
1027,788,자동피,해동피,"해동피(海桐皮), 자동피(刺桐皮), 엄나무껍질"
1027,788,엄나무껍질,해동피,"해동피(海桐皮), 자동피(刺桐皮), 엄나무껍질"
1028,792,해백,해백,"해백(薤白), 소근산(小根蒜), 해백두(薤白頭)"
1028,792,소근산,해백,"해백(薤白), 소근산(小根蒜), 해백두(薤白頭)"
1028,792,해백두,해백,"해백(薤白), 소근산(小根蒜), 해백두(薤白頭)"
1029,792,해백,해백,"해백(薤白), 소근산(小根蒜), 해백두(薤白頭)"
1029,792,소근산,해백,"해백(薤白), 소근산(小根蒜), 해백두(薤白頭)"
1029,792,해백두,해백,"해백(薤白), 소근산(小根蒜), 해백두(薤白頭)"
1030,796,해송자,해송자,"해송자(海松子), 송자인(松子仁), 잣"
1030,796,송자인,해송자,"해송자(海松子), 송자인(松子仁), 잣"
1030,796,잣,해송자,"해송자(海松子), 송자인(松子仁), 잣"
1031,800,해풍등,해풍등,해풍등(海風藤)
1032,801,행인,행인,"행인(杏仁), 고행인(苦杏仁), 살구씨"
1032,801,고행인,행인,"행인(杏仁), 고행인(苦杏仁), 살구씨"
1032,801,살구씨,행인,"행인(杏仁), 고행인(苦杏仁), 살구씨"
1033,801,행인,행인,"행인(杏仁), 고행인(苦杏仁), 살구씨"
1033,801,고행인,행인,"행인(杏仁), 고행인(苦杏仁), 살구씨"
1033,801,살구씨,행인,"행인(杏仁), 고행인(苦杏仁), 살구씨"
1034,801,행인,행인,"행인(杏仁), 고행인(苦杏仁)"
1034,801,고행인,행인,"행인(杏仁), 고행인(苦杏仁)"
1036,373,살구씨기름,살구씨기름,"살구씨기름, 행인유"
1036,373,행인유,살구씨기름,"살구씨기름, 행인유"
1037,373,살구씨기름,살구씨기름,"살구씨기름, 행인유"
1037,373,행인유,살구씨기름,"살구씨기름, 행인유"
1039,802,향나무속줄기,향나무속줄기,"향나무속줄기, 향목(香木)"
1039,802,향목,향나무속줄기,"향나무속줄기, 향목(香木)"
1040,803,향부자,향부자,"향부자(香附子), 향부(香附), 약방동사니"
1040,803,향부,향부자,"향부자(香附子), 향부(香附), 약방동사니"
1040,803,약방동사니,향부자,"향부자(香附子), 향부(香附), 약방동사니"
1041,805,향연,향연,향연(香櫞)
1042,806,향유,향유,"향유(香薷), 노야기"
1042,806,노야기,향유,"향유(香薷), 노야기"
1046,806,향유,향유,향유(香薷)
1047,790,해바라기기름,해바라기기름,해바라기기름
1048,807,향장,향장,"향장(香樟), 장수근(樟樹根)"
1048,807,장수근,향장,"향장(香樟), 장수근(樟樹根)"
1049,808,현구자경,현구자경,현구자경(懸鉤子莖)
1050,809,현구자목,현구자목,현구자목(懸鉤子木)
1051,810,현삼,현삼,현삼(玄參)
1052,810,현삼,현삼,현삼(玄參)
1053,812,현초,현초,"현초(玄草), 노관초(老鸛草)"
1053,812,노관초,현초,"현초(玄草), 노관초(老鸛草)"
1054,812,현초,현초,"현초(玄草), 노관초(老鸛草)"
1054,812,노관초,현초,"현초(玄草), 노관초(老鸛草)"
1055,812,현초,현초,"현초(玄草), 노관초(老鸛草)"
1055,812,노관초,현초,"현초(玄草), 노관초(老鸛草)"
1056,812,현초,현초,"현초(玄草), 노관초(老鸛草)"
1056,812,노관초,현초,"현초(玄草), 노관초(老鸛草)"
1057,812,현초,현초,"현초(玄草), 노관초(老鸛草)"
1057,812,노관초,현초,"현초(玄草), 노관초(老鸛草)"
1058,812,현초,현초,"현초(玄草), 노관초(老鸛草), 손잎풀"
1058,812,노관초,현초,"현초(玄草), 노관초(老鸛草), 손잎풀"
1058,812,손잎풀,현초,"현초(玄草), 노관초(老鸛草), 손잎풀"
1059,812,현초,현초,"현초(玄草), 노관초(老鸛草), 손잎풀"
1059,812,노관초,현초,"현초(玄草), 노관초(老鸛草), 손잎풀"
1059,812,손잎풀,현초,"현초(玄草), 노관초(老鸛草), 손잎풀"
1060,812,현초,현초,"현초(玄草), 노관초(老鸛草)"
1060,812,노관초,현초,"현초(玄草), 노관초(老鸛草)"
1061,812,현초,현초,"현초(玄草), 노관초(老鸛草), 손잎풀"
1061,812,노관초,현초,"현초(玄草), 노관초(老鸛草), 손잎풀"
1061,812,손잎풀,현초,"현초(玄草), 노관초(老鸛草), 손잎풀"
1062,812,현초,현초,"현초(玄草), 노관초(老鸛草)"
1062,812,노관초,현초,"현초(玄草), 노관초(老鸛草)"
1063,812,현초,현초,"현초(玄草), 노관초(老鸛草), 손잎풀"
1063,812,노관초,현초,"현초(玄草), 노관초(老鸛草), 손잎풀"
1063,812,손잎풀,현초,"현초(玄草), 노관초(老鸛草), 손잎풀"
1064,812,현초,현초,"현초(玄草), 노관초(老鸛草)"
1064,812,노관초,현초,"현초(玄草), 노관초(老鸛草)"
1065,812,현초,현초,"현초(玄草), 노관초(老鸛草)"
1065,812,노관초,현초,"현초(玄草), 노관초(老鸛草)"
1066,812,현초,현초,"현초(玄草), 노관초(老鸛草)"
1066,812,노관초,현초,"현초(玄草), 노관초(老鸛草)"
1067,812,현초,현초,"현초(玄草), 노관초(老鸛草)"
1067,812,노관초,현초,"현초(玄草), 노관초(老鸛草)"
1068,1418,노관초,노관초,노관초(老鸛草)
1069,814,현호색,현호색,현호색(玄胡索)
1070,814,현호색,현호색,"현호색(玄胡索), 연호색(延胡索), 원호(元胡)"
1070,814,연호색,현호색,"현호색(玄胡索), 연호색(延胡索), 원호(元胡)"
1070,814,원호,현호색,"현호색(玄胡索), 연호색(延胡索), 원호(元胡)"
1071,814,현호색,현호색,현호색(玄胡索)
1072,814,현호색,현호색,현호색(玄胡索)
1073,814,현호색,현호색,현호색(玄胡索)
1074,815,혈갈,혈갈,혈갈(血竭)
1075,816,형개,형개,"형개(荊芥), 형개수(荊芥穂), 형개이삭"
1075,816,형개수,형개,"형개(荊芥), 형개수(荊芥穂), 형개이삭"
1075,816,형개이삭,형개,"형개(荊芥), 형개수(荊芥穂), 형개이삭"
1076,818,호도,호도,"호도(胡桃), 핵도(核挑), 호도인(胡桃仁), 핵도인(核桃仁)"
1076,818,핵도,호도,"호도(胡桃), 핵도(核挑), 호도인(胡桃仁), 핵도인(核桃仁)"
1076,818,호도인,호도,"호도(胡桃), 핵도(核挑), 호도인(胡桃仁), 핵도인(核桃仁)"
1076,818,핵도인,호도,"호도(胡桃), 핵도(核挑), 호도인(胡桃仁), 핵도인(核桃仁)"
1077,819,호동루,호동루,"호동루(胡桐淚), 호동진(胡桐津), 호동감(胡桐鹼)"
1077,819,호동진,호동루,"호동루(胡桐淚), 호동진(胡桐津), 호동감(胡桐鹼)"
1077,819,호동감,호동루,"호동루(胡桐淚), 호동진(胡桐津), 호동감(胡桐鹼)"
1078,820,호로파,호로파,"호로파(胡蘆巴), 호파(胡巴), 큰노랑꽃자리풀씨"
1078,820,호파,호로파,"호로파(胡蘆巴), 호파(胡巴), 큰노랑꽃자리풀씨"
1078,820,큰노랑꽃자리풀씨,호로파,"호로파(胡蘆巴), 호파(胡巴), 큰노랑꽃자리풀씨"
1079,822,호유실,호유실,"호유실(胡荽實), 고수열매"
1079,822,고수열매,호유실,"호유실(胡荽實), 고수열매"
1080,823,호이초,호이초,호이초(虎耳草)
1081,824,호장근,호장근,"호장근(虎杖根), 고장(苦杖), 호장(虎杖), 범싱아뿌리"
1081,824,고장,호장근,"호장근(虎杖根), 고장(苦杖), 호장(虎杖), 범싱아뿌리"
1081,824,호장,호장근,"호장근(虎杖根), 고장(苦杖), 호장(虎杖), 범싱아뿌리"
1081,824,범싱아뿌리,호장근,"호장근(虎杖根), 고장(苦杖), 호장(虎杖), 범싱아뿌리"
1082,862,후추,후추,"후추(胡椒), 호초"
1082,862,호초,후추,"후추(胡椒), 호초"
1083,825,보리수잎,보리수잎,"보리수잎, 호퇴자(胡頹子)"
1083,825,호퇴자,보리수잎,"보리수잎, 호퇴자(胡頹子)"
1084,826,호황련,호황련,"호황련(胡黃連), 호련(胡蓮)"
1084,826,호련,호황련,"호황련(胡黃連), 호련(胡蓮)"
1085,826,호황련,호황련,"호황련(胡黃連), 호련(胡蓮)"
1085,826,호련,호황련,"호황련(胡黃連), 호련(胡蓮)"
1086,827,홉,홉,"홉, 홀포(忽布), 호프"
1086,827,홀포,홉,"홉, 홀포(忽布), 호프"
1086,827,호프,홉,"홉, 홀포(忽布), 호프"
1087,1419,돌꽃뿌리,돌꽃뿌리,돌꽃뿌리
1088,829,홍삼,홍삼,홍삼(紅蔘)
1089,830,홍화,홍화,"홍화(紅花), 베니바나(ベニバナ), 잇꽃"
1089,830,베니바나(ベニバナ),홍화,"홍화(紅花), 베니바나(ベニバナ), 잇꽃"
1089,830,잇꽃,홍화,"홍화(紅花), 베니바나(ベニバナ), 잇꽃"
1090,831,홍화자,홍화자,홍화자(紅花子)
1091,833,화귤홍,화귤홍,화귤홍(化橘紅)
1092,834,화생의,화생의,화생의(花生衣)
1093,835,화육종용,화육종용,"화육종용(和肉蓯蓉), 화육종용(和肉蓗蓉), 백두산불로초, 두메오리나무더부살이"
1093,835,화육종용,화육종용,"화육종용(和肉蓯蓉), 화육종용(和肉蓗蓉), 백두산불로초, 두메오리나무더부살이"
1093,835,백두산불로초,화육종용,"화육종용(和肉蓯蓉), 화육종용(和肉蓗蓉), 백두산불로초, 두메오리나무더부살이"
1093,835,두메오리나무더부살이,화육종용,"화육종용(和肉蓯蓉), 화육종용(和肉蓗蓉), 백두산불로초, 두메오리나무더부살이"
1094,836,꽃고비,꽃고비,"꽃고비, 화인(花荵)"
1094,836,화인,꽃고비,"꽃고비, 화인(花荵)"
1095,837,마가목열매,마가목열매,"마가목열매, 마아실, 화추과(花楸果)"
1095,837,마아실,마가목열매,"마가목열매, 마아실, 화추과(花楸果)"
1095,837,화추과,마가목열매,"마가목열매, 마아실, 화추과(花楸果)"
1096,837,마가목열매,마가목열매,"마가목열매, 마아실, 화추과(花楸果)"
1096,837,마아실,마가목열매,"마가목열매, 마아실, 화추과(花楸果)"
1096,837,화추과,마가목열매,"마가목열매, 마아실, 화추과(花楸果)"
1097,837,마가목열매,마가목열매,"마가목열매, 마아실, 화추과(花楸果)"
1097,837,마아실,마가목열매,"마가목열매, 마아실, 화추과(花楸果)"
1097,837,화추과,마가목열매,"마가목열매, 마아실, 화추과(花楸果)"
1098,837,마가목열매,마가목열매,"마가목열매, 마아실, 화추과(花楸果)"
1098,837,마아실,마가목열매,"마가목열매, 마아실, 화추과(花楸果)"
1098,837,화추과,마가목열매,"마가목열매, 마아실, 화추과(花楸果)"
1099,837,마가목열매,마가목열매,"마가목열매, 마아실, 화추과(花楸果)"
1099,837,마아실,마가목열매,"마가목열매, 마아실, 화추과(花楸果)"
1099,837,화추과,마가목열매,"마가목열매, 마아실, 화추과(花楸果)"
1100,838,화피,화피,"화피(樺皮), 화목피(樺木皮)"
1100,838,화목피,화피,"화피(樺皮), 화목피(樺木皮)"
1101,838,화피,화피,화피(樺皮)
1103,838,화피,화피,화피(樺皮)
1104,838,화피,화피,화피(樺皮)
1105,838,화피,화피,화피(樺皮)
1106,838,화피,화피,화피(樺皮)
1107,838,화피,화피,화피(樺皮)
1108,840,황과자,황과자,황과자(黃瓜子)
1109,841,황금,황금,"황금(黃芩), 속썩은풀뿌리"
1109,841,속썩은풀뿌리,황금,"황금(黃芩), 속썩은풀뿌리"
1110,843,황기,황기,"황기(黃芪), 단너삼"
1110,843,단너삼,황기,"황기(黃芪), 단너삼"
1111,843,황기,황기,황기(黃芪)
1112,844,황련,황련,황련(黃連)
1113,844,황련,황련,황련(黃連)
1114,844,황련,황련,황련(黃連)
1115,844,황련,황련,황련(黃連)
1116,844,황련,황련,"황련(黃連), 산련풀뿌리"
1116,844,산련풀뿌리,황련,"황련(黃連), 산련풀뿌리"
1117,847,황매목,황매목,황매목(黃梅木)
1118,848,황백,황백,"황백(黃柏), 황벽(黃蘗), 황경피"
1118,848,황벽,황백,"황백(黃柏), 황벽(黃蘗), 황경피"
1118,848,황경피,황백,"황백(黃柏), 황벽(黃蘗), 황경피"
1119,848,황백,황백,"황백(黃柏), 황벽(黃蘗), 황경피"
1119,848,황벽,황백,"황백(黃柏), 황벽(黃蘗), 황경피"
1119,848,황경피,황백,"황백(黃柏), 황벽(黃蘗), 황경피"
1120,851,황선등,황선등,황선등(黃鱔藤)
1122,853,황염목,황염목,"황염목(黃染木), 매자나무가지"
1122,853,매자나무가지,황염목,"황염목(黃染木), 매자나무가지"
1123,853,황염목,황염목,"황염목(黃染木), 매자나무가지"
1123,853,매자나무가지,황염목,"황염목(黃染木), 매자나무가지"
1124,854,황정,황정,"황정(黃精), 죽대둥굴레"
1124,854,죽대둥굴레,황정,"황정(黃精), 죽대둥굴레"
1125,854,황정,황정,황정(黃精)
1126,854,황정,황정,황정(黃精)
1127,854,황정,황정,황정(黃精)
1128,855,황촉규,황촉규,"황촉규(黃蜀葵), 닥풀뿌리"
1128,855,닥풀뿌리,황촉규,"황촉규(黃蜀葵), 닥풀뿌리"
1129,856,황촉규화,황촉규화,황촉규화(黃蜀葵花)
1130,857,황형자,황형자,황형자(黃荊子)
1131,858,회향,회향,"회향(茴香), 소회향(小茴香), 회향열매, 대회향"
1131,858,소회향,회향,"회향(茴香), 소회향(小茴香), 회향열매, 대회향"
1131,858,회향열매,회향,"회향(茴香), 소회향(小茴香), 회향열매, 대회향"
1131,858,대회향,회향,"회향(茴香), 소회향(小茴香), 회향열매, 대회향"
1132,859,회향유,회향유,"회향유(茴香油), 회향정유, 회향기름"
1132,859,회향정유,회향유,"회향유(茴香油), 회향정유, 회향기름"
1132,859,회향기름,회향유,"회향유(茴香油), 회향정유, 회향기름"
1133,860,후박,후박,"후박(厚朴), 후피"
1133,860,후피,후박,"후박(厚朴), 후피"
1134,860,후박,후박,후박(厚朴)
1135,860,후박,후박,"후박(厚朴), 후피"
1135,860,후피,후박,"후박(厚朴), 후피"
1136,861,후박화,후박화,후박화(厚朴花)
1137,861,후박화,후박화,후박화(厚朴花)
1138,864,훤초근,훤초근,"훤초근(萱草根), 황화채근(黃花菜根), 원추리뿌리, 넘나물"
1138,864,황화채근,훤초근,"훤초근(萱草根), 황화채근(黃花菜根), 원추리뿌리, 넘나물"
1138,864,원추리뿌리,훤초근,"훤초근(萱草根), 황화채근(黃花菜根), 원추리뿌리, 넘나물"
1138,864,넘나물,훤초근,"훤초근(萱草根), 황화채근(黃花菜根), 원추리뿌리, 넘나물"
1139,865,흑두,흑두,"흑두(黑豆), 흑대두(黑大豆), 오두(烏豆)"
1139,865,흑대두,흑두,"흑두(黑豆), 흑대두(黑大豆), 오두(烏豆)"
1139,865,오두,흑두,"흑두(黑豆), 흑대두(黑大豆), 오두(烏豆)"
1140,866,흑사당,흑사당,"흑사당(黑砂糖), 적사당(赤砂糖)"
1140,866,적사당,흑사당,"흑사당(黑砂糖), 적사당(赤砂糖)"
1141,867,흑지마,흑지마,"흑지마(黑脂麻), 흑호마(黑胡麻), 흑지마(黑芝麻), 호마(胡麻), 호마인(胡麻仁)"
1141,867,흑호마,흑지마,"흑지마(黑脂麻), 흑호마(黑胡麻), 흑지마(黑芝麻), 호마(胡麻), 호마인(胡麻仁)"
1141,867,흑지마,흑지마,"흑지마(黑脂麻), 흑호마(黑胡麻), 흑지마(黑芝麻), 호마(胡麻), 호마인(胡麻仁)"
1141,867,호마,흑지마,"흑지마(黑脂麻), 흑호마(黑胡麻), 흑지마(黑芝麻), 호마(胡麻), 호마인(胡麻仁)"
1141,867,호마인,흑지마,"흑지마(黑脂麻), 흑호마(黑胡麻), 흑지마(黑芝麻), 호마(胡麻), 호마인(胡麻仁)"
1142,868,희렴,희렴,"희렴(豨薟), 희첨, 희렴초(豨薟草), 진득찰"
1142,868,희첨,희렴,"희렴(豨薟), 희첨, 희렴초(豨薟草), 진득찰"
1142,868,희렴초,희렴,"희렴(豨薟), 희첨, 희렴초(豨薟草), 진득찰"
1142,868,진득찰,희렴,"희렴(豨薟), 희첨, 희렴초(豨薟草), 진득찰"
1143,868,희렴,희렴,"희렴(豨薟), 희첨, 희렴초(豨薟草), 진득찰"
1143,868,희첨,희렴,"희렴(豨薟), 희첨, 희렴초(豨薟草), 진득찰"
1143,868,희렴초,희렴,"희렴(豨薟), 희첨, 희렴초(豨薟草), 진득찰"
1143,868,진득찰,희렴,"희렴(豨薟), 희첨, 희렴초(豨薟草), 진득찰"
1144,868,희렴,희렴,"희렴(豨薟), 희렴초(豨薟草)"
1144,868,희렴초,희렴,"희렴(豨薟), 희렴초(豨薟草)"
1145,519,옥죽,옥죽,"옥죽(玉竹),위유(萎蕤)"
1145,519,위유,옥죽,"옥죽(玉竹),위유(萎蕤)"
1146,636,접골목,접골목,접골목(接骨木)
1147,636,접골목,접골목,접골목(接骨木)
1148,519,옥죽,옥죽,"옥죽(玉竹),위유(萎蕤)"
1148,519,위유,옥죽,"옥죽(玉竹),위유(萎蕤)"
1150,473,앵피,앵피,앵피(櫻皮)
1151,473,앵피,앵피,앵피(櫻皮)
1152,519,옥죽,옥죽,"옥죽(玉竹),위유(萎蕤)"
1152,519,위유,옥죽,"옥죽(玉竹),위유(萎蕤)"
1153,473,앵피,앵피,앵피(櫻皮)
1154,532,용아초,용아초,"용아초(龍牙草), 선학초(仙鶴草)"
1154,532,선학초,용아초,"용아초(龍牙草), 선학초(仙鶴草)"
1155,519,옥죽,옥죽,"옥죽(玉竹),위유(萎蕤)"
1155,519,위유,옥죽,"옥죽(玉竹),위유(萎蕤)"
1156,473,앵피,앵피,앵피(櫻皮)
1157,519,옥죽,옥죽,"옥죽(玉竹),위유(萎蕤)"
1157,519,위유,옥죽,"옥죽(玉竹),위유(萎蕤)"
1158,519,옥죽,옥죽,"옥죽(玉竹),위유(萎蕤)"
1158,519,위유,옥죽,"옥죽(玉竹),위유(萎蕤)"
1159,473,앵피,앵피,앵피(櫻皮)
1160,532,용아초,용아초,"용아초(龍牙草), 선학초(仙鶴草)"
1160,532,선학초,용아초,"용아초(龍牙草), 선학초(仙鶴草)"
1161,519,옥죽,옥죽,"옥죽(玉竹),위유(萎蕤)"
1161,519,위유,옥죽,"옥죽(玉竹),위유(萎蕤)"
1162,519,옥죽,옥죽,"옥죽(玉竹),위유(萎蕤)"
1162,519,위유,옥죽,"옥죽(玉竹),위유(萎蕤)"
1163,636,접골목,접골목,접골목(接骨木)
1165,519,옥죽,옥죽,"옥죽(玉竹),위유(萎蕤)"
1165,519,위유,옥죽,"옥죽(玉竹),위유(萎蕤)"
1166,519,옥죽,옥죽,"옥죽(玉竹),위유(萎蕤)"
1166,519,위유,옥죽,"옥죽(玉竹),위유(萎蕤)"
1168,374,삼과침,삼과침,삼과침(三顆針)
1169,374,삼과침,삼과침,삼과침(三顆針)
1170,354,사향초,사향초,"사향초(麝香草),백리향(百里香)"
1170,354,백리향,사향초,"사향초(麝香草),백리향(百里香)"
1171,58,곤약감자추출물,곤약감자추출물,곤약감자추출물
1172,93,귀리식이섬유,귀리식이섬유,귀리식이섬유
1173,100,글루코만난(곤약,글루코만난(곤약,"글루코만난(곤약, 곤약만난)"
1173,100,곤약만난),글루코만난(곤약,"글루코만난(곤약, 곤약만난)"
1174,115,까마귀쪽나무 열매 주정추출물,까마귀쪽나무 열매 주정추출물,까마귀쪽나무 열매 주정추출물
1175,185,돌외잎추출물,돌외잎추출물,돌외잎추출물
1176,765,풋사과 추출물 애플페논,풋사과 추출물 애플페논,풋사과 추출물 애플페논
1177,257,무화과페이스트,무화과페이스트,무화과페이스트
1178,184,돌외잎주정추출분말,돌외잎주정추출분말,돌외잎주정추출분말
1180,1126,소엽화,소엽화,"소엽화(笑靨花), 소엽미사초(小葉米篩草)"
1180,1126,소엽미사초,소엽화,"소엽화(笑靨花), 소엽미사초(小葉米篩草)"
1182,1126,소엽화,소엽화,"소엽화(笑靨花), 소엽미사초(小葉米篩草)"
1182,1126,소엽미사초,소엽화,"소엽화(笑靨花), 소엽미사초(小葉米篩草)"
1184,1066,사극,사극,사극(沙棘)
1185,318,복령,복령,"복령(茯苓), 적복령, 백복령, 솔풍령, 솔뿌리혹"
1185,318,적복령,복령,"복령(茯苓), 적복령, 백복령, 솔풍령, 솔뿌리혹"
1185,318,백복령,복령,"복령(茯苓), 적복령, 백복령, 솔풍령, 솔뿌리혹"
1185,318,솔풍령,복령,"복령(茯苓), 적복령, 백복령, 솔풍령, 솔뿌리혹"
1185,318,솔뿌리혹,복령,"복령(茯苓), 적복령, 백복령, 솔풍령, 솔뿌리혹"
1186,1046,복령피,복령피,복령피(茯苓皮)
1187,1328,파두상,파두상,파두상(巴豆霜)
1188,898,광동토우슬,광동토우슬,광동토우슬(廣東土牛膝)
1189,2,가자,가자,가자(訶子)
1190,906,교맥,교맥,교맥(蕎麥)
1191,908,교맥엽,교맥엽,교맥엽(蕎麥葉)
1193,876,건궐계,건궐계,건궐계(乾蕨鷄)
1195,1027,미후도,미후도,"미후도(獮猴桃), 미후도(獼猴桃), 미후리(獼猴梨), 연조자(軟棗子)"
1195,1027,미후도,미후도,"미후도(獮猴桃), 미후도(獼猴桃), 미후리(獼猴梨), 연조자(軟棗子)"
1195,1027,미후리,미후도,"미후도(獮猴桃), 미후도(獼猴桃), 미후리(獼猴梨), 연조자(軟棗子)"
1195,1027,연조자,미후도,"미후도(獮猴桃), 미후도(獼猴桃), 미후리(獼猴梨), 연조자(軟棗子)"
1196,1028,미후리근,미후리근,미후리근(獼猴梨根)
1197,1029,미후리엽,미후리엽,미후리엽(獼猴梨葉)
1198,1262,접골목엽,접골목엽,접골목엽(接骨木葉)
1199,1263,접골목화,접골목화,접골목화(接骨木花)
1200,1261,접골목근,접골목근,접골목근(接骨木根)
1201,883,계수조,계수조,계수조(鷄樹條)
1202,884,계수조과,계수조과,계수조과(鷄樹條果)
1203,1210,우슬경엽,우슬경엽,우슬경엽(牛膝莖葉)
1204,1174,야현채,야현채,야현채(野莧菜)
1205,1173,야현자,야현자,야현자(野莧子)
1206,1361,현,현,현(莧)
1207,1364,현실,현실,현실(莧實)
1208,1362,현근,현근,현근(莧根)
1209,1179,여,여,여(藜)
1210,1181,여실,여실,여실(藜實)
1211,1072,산구,산구,산구(山韭)
1212,917,구채,구채,구채(韭菜)
1213,913,구근,구근,구근(韭根)
1214,870,각총,각총,각총(茖葱)
1215,1112,석산,석산,석산(石蒜)
1216,1106,생칠,생칠,생칠(生漆)
1217,1320,칠자,칠자,칠자(漆子)
1218,1319,칠엽,칠엽,칠엽(漆葉)
1219,1317,칠수근,칠수근,칠수근(漆樹根)
1220,1318,칠수목심,칠수목심,칠수목심(漆樹木心)
1221,1366,협엽당귀,협엽당귀,협엽당귀(狹葉當歸)
1222,1041,백지엽,백지엽,백지엽(白芷葉)
1223,1366,협엽당귀,협엽당귀,협엽당귀(狹葉當歸)
1224,1158,아삼엽,아삼엽,아삼엽(峨參葉)
1225,1025,미무,미무,미무(蘼蕪)
1226,1164,압아근,압아근,압아근(鴨兒芹)
1227,1165,압아근과,압아근과,압아근과(鴨兒芹果)
1228,1166,압아근근,압아근근,압아근근(鴨兒芹根)
1229,1208,우미독활,우미독활,우미독활(牛尾獨活)
1230,1359,향근근근,향근근근,향근근근(香根芹根)
1231,1073,산근,산근,산근(山芹)
1232,1074,산근근,산근근,산근근(山芹根)
1233,1111,석방풍,석방풍,석방풍(石防風)
1234,1045,변두채,변두채,변두채(變豆菜)
1235,1031,방풍엽,방풍엽,방풍엽(防風葉)
1236,1032,방풍화,방풍화,방풍화(防風花)
1237,1134,소토고본,소토고본,소토고본(蘇土藁本)
1238,1260,절의,절의,절의(竊衣)
1239,1408,회향경엽,회향경엽,회향경엽(茴香莖葉)
1240,1409,회향근,회향근,회향근(茴香根)
1241,291,백미,백미,백미(白薇)
1242,943,나마,나마,나마(蘿藦)
1243,944,나마자,나마자,나마자(蘿藦子)
1244,1295,천장각,천장각,천장각(天漿殼)
1245,536,우담남성,우담남성,"우담남성(牛膽南星), 담남성(膽南星), 담성(膽星)"
1245,536,담남성,우담남성,"우담남성(牛膽南星), 담남성(膽南星), 담성(膽星)"
1245,536,담성,우담남성,"우담남성(牛膽南星), 담남성(膽南星), 담성(膽星)"
1247,1312,취숭,취숭,취숭(臭菘)
1248,1195,오가엽,오가엽,오가엽(五加葉)
1249,1194,오가과,오가과,오가과(五加果)
1250,1250,자추수근,자추수근,자추수근(刺楸樹根)
1251,1249,자추경,자추경,자추경(刺楸莖)
1252,1251,자추수엽,자추수엽,자추수엽(刺楸樹葉)
1253,264,미삼,미삼,"미삼(尾參), 삼수(參鬚)"
1253,264,삼수,미삼,"미삼(尾參), 삼수(參鬚)"
1254,1092,삼조,삼조,삼조(參條)
1255,1238,인삼로,인삼로,인삼로(人參蘆)
1256,1240,인삼화,인삼화,인삼화(人參花)
1257,1239,인삼자,인삼자,인삼자(人參子)
1258,1326,통화근,통화근,통화근(通花根)
1259,1327,통화화,통화화,통화화(通花花)
1260,1325,통탈목화상분,통탈목화상분,통탈목화상분(通脫木花上粉)
1261,1000,면조아,면조아,면조아(綿棗兒)
1262,1232,이엽무학초,이엽무학초,이엽무학초(二葉舞鶴草)
1263,987,만년청,만년청,만년청(萬年靑)
1264,988,만년청엽,만년청엽,만년청엽(萬年靑葉)
1265,989,만년청화,만년청화,만년청화(萬年靑花)
1266,1392,화동제개궐,화동제개궐,화동제개궐(華東蹄盖蕨)
1267,323,봉선투골초,봉선투골초,봉선투골초(鳳仙透骨草)
1268,1051,봉선화,봉선화,봉선화(鳳仙花)
1269,1050,봉선근,봉선근,봉선근(鳳仙根)
1270,1224,음양곽근,음양곽근,음양곽근(淫羊藿根)
1271,1394,화수액,화수액,화수액(樺樹液)
1272,1246,자위경엽,자위경엽,자위경엽(紫葳莖葉)
1273,1247,자위근,자위근,자위근(紫葳根)
1274,949,날근,날근,날근(辣根)
1275,1404,황양목,황양목,황양목(黃楊木)
1276,1118,설산림,설산림,설산림(雪山林)
1277,1314,취화풍령초,취화풍령초,취화풍령초(聚花風鈴草)
1278,935,금은화로,금은화로,금은화로(金銀花露)
1279,936,금은화자,금은화자,금은화자(金銀花子)
1280,412,선퇴,선퇴,"선퇴(蟬退), 선세(蟬蛻), 선태(蟬蛻), 매미허물"
1280,412,선세,선퇴,"선퇴(蟬退), 선세(蟬蛻), 선태(蟬蛻), 매미허물"
1280,412,선태,선퇴,"선퇴(蟬退), 선세(蟬蛻), 선태(蟬蛻), 매미허물"
1280,412,매미허물,선퇴,"선퇴(蟬退), 선세(蟬蛻), 선태(蟬蛻), 매미허물"
1281,1380,홍남피,홍남피,홍남피(紅楠皮)
1282,1329,파초근,파초근,파초근(芭蕉根)
1283,1332,파초화,파초화,파초화(芭蕉花)
1284,1330,파초엽,파초엽,파초엽(芭蕉葉)
1285,1331,파초유,파초유,파초유(芭蕉油)
1286,1149,승마초,승마초,승마초(升麻草)
1287,1377,호퇴자,호퇴자,호퇴자(胡頽子)
1288,1378,호퇴자근,호퇴자근,호퇴자근(胡頽子根)
1289,905,교고람,교고람,교고람(絞股藍)
1290,806,향유,향유,향유(香薷)
1291,806,향유,향유,향유(香薷)
1292,806,향유,향유,향유(香薷)
1293,806,향유,향유,향유(香薷)
1294,1152,심엽형개,심엽형개,심엽형개(心葉荊芥)
1295,934,금은인동,금은인동,금은인동(金銀忍冬)
1296,982,등합환,등합환,"등합환(藤合歡), 남사등과(南蛇藤果), 남사등(南蛇藤)"
1296,982,남사등과,등합환,"등합환(藤合歡), 남사등과(南蛇藤果), 남사등(南蛇藤)"
1296,982,남사등,등합환,"등합환(藤合歡), 남사등과(南蛇藤果), 남사등(南蛇藤)"
1297,950,남사등근,남사등근,남사등근(南蛇藤根)
1298,951,남사등엽,남사등엽,남사등엽(南蛇藤葉)
1299,959,뇌공등,뇌공등,뇌공등(雷公藤)
1300,1223,은선초,은선초,은선초(銀綫草)
1301,1270,죽림소,죽림소,죽림소(竹林霄)
1302,1270,죽림소,죽림소,죽림소(竹林霄)
1303,1150,시실,시실,시실(蓍實)
1304,1303,청호자,청호자,청호자(靑蒿子)
1305,1301,청호근,청호근,청호근(靑蒿根)
1306,1209,우미호,우미호,우미호(牛尾蒿)
1307,1167,애실,애실,애실(艾實)
1308,1162,암려,암려,암려(庵䕡)
1309,1163,암려자,암려자,암려자(庵䕡子)
1310,1167,애실,애실,애실(艾實)
1311,1167,애실,애실,애실(艾實)
1312,1075,산백국,산백국,산백국(山白菊)
1313,978,동풍채,동풍채,동풍채(東風菜)
1314,931,금알이,금알이,금알이(金挖耳)
1315,932,금알이근,금알이근,금알이근(金挖耳根)
1316,1360,향유관,향유관,향유관(香油罐)
1317,894,고설자,고설자,고설자(苦碟子)
1318,1187,연봉초,연봉초,연봉초(蓮蓬草)
1319,919,국우,국우,국우(菊芋)
1320,1115,선복화근,선복화근,선복화근(旋覆花根)
1321,1082,산와거,산와거,산와거(山萵苣)
1322,1084,산자완,산자완,산자완(山紫菀)
1323,1049,봉두채,봉두채,봉두채(蜂斗菜)
1324,922,금광국,금광국,금광국(金光菊)
1325,1069,사모칠,사모칠,사모칠(絲茅七)
1326,1413,희렴과,희렴과,희렴과(豨薟果)
1327,1414,희렴근,희렴근,희렴근(豨薟根)
1328,1297,첨엽국,첨엽국,첨엽국(甜葉菊)
1329,1284,창이,창이,창이(蒼耳)
1330,1286,창이화,창이화,창이화(蒼耳花)
1331,1285,창이근,창이근,창이근(蒼耳根)
1332,997,면근등,면근등,면근등(麵根藤)
1333,909,구구앙,구구앙,구구앙(狗狗秧)
1334,1333,팔각풍근,팔각풍근,팔각풍근(八角楓根)
1335,1334,팔각풍엽,팔각풍엽,팔각풍엽(八角楓葉)
1336,1335,팔각풍화,팔각풍화,팔각풍화(八角楓花)
1337,879,경천화,경천화,경천화(景天花)
1338,878,경천삼칠,경천삼칠,경천삼칠(景天三七)
1339,878,경천삼칠,경천삼칠,경천삼칠(景天三七)
1340,1058,사과,사과,사과(絲瓜)
1341,1062,사과자,사과자,사과자(絲瓜子)
1342,1064,사과피,사과피,사과피(絲瓜皮)
1343,1063,사과체,사과체,사과체(絲瓜蒂)
1344,1065,사과화,사과화,사과화(絲瓜花)
1345,1061,사과엽,사과엽,사과엽(絲瓜葉)
1346,1060,사과등,사과등,사과등(絲瓜藤)
1347,1288,천라수,천라수,천라수(天羅水)
1348,1059,사과근,사과근,사과근(絲瓜根)
1349,886,고과,고과,고과(苦瓜)
1350,890,고과자,고과자,고과자(苦瓜子)
1351,891,고과화,고과화,고과화(苦瓜花)
1352,889,고과엽,고과엽,고과엽(苦瓜葉)
1353,888,고과등,고과등,고과등(苦瓜藤)
1354,887,고과근,고과근,고과근(苦瓜根)
1355,1257,적박,적박,적박(赤瓟)
1356,1258,적박근,적박근,적박근(赤瓟根)
1357,1267,조선애백,조선애백,조선애백(朝鮮崖柏)
1358,1268,조선애백인,조선애백인,조선애백인(朝鮮崖柏仁)
1359,1130,소철근,소철근,소철근(蘇鐵根)
1360,1129,소철과,소철과,소철과(蘇鐵果)
1361,1132,소철화,소철화,소철화(蘇鐵花)
1362,1131,소철엽,소철엽,소철엽(蘇鐵葉)
1363,1146,수총,수총,수총(水葱)
1364,920,궐,궐,궐(蕨)
1365,852,황약자,황약자,황약자(黃藥子)
1366,1400,황독영여자,황독영여자,황독영여자(黃獨零餘子)
1367,1193,영여자,영여자,영여자(零餘子)
1368,1266,조산백,조산백,조산백(照山白)
1369,1192,영산홍,영산홍,영산홍(迎山紅)
1370,999,면아,면아,면아(檰芽)
1371,1135,속수자경중백즙,속수자경중백즙,속수자경중백즙(續隨子莖中白汁)
1372,1136,속수자엽,속수자엽,속수자엽(續隨子葉)
1373,1090,삼승미,삼승미,삼승미(三升米)
1374,977,동북수소,동북수소,동북수소(東北溲疏)
1375,1388,홍한련,홍한련,홍한련(紅旱蓮)
1376,983,마린,마린,마린(馬藺)
1377,985,마린자,마린자,마린자(馬藺子)
1378,986,마린화,마린화,마린화(馬藺花)
1379,984,마린근,마린근,마린근(馬藺根)
1380,882,계손,계손,계손(溪蓀)
1381,1374,호도화,호도화,호도화(胡桃花)
1382,1373,호도청피,호도청피,호도청피(胡桃靑皮)
1383,1302,청호도과,청호도과,청호도과(靑胡桃果)
1384,1056,분심목,분심목,분심목(分心木)
1385,1367,호도각,호도각,호도각(胡桃殼)
1386,1370,호도엽,호도엽,호도엽(胡桃葉)
1387,1372,호도지,호도지,호도지(胡桃枝)
1388,1368,호도근,호도근,호도근(胡桃根)
1389,1371,호도유,호도유,호도유(胡桃油)
1390,1369,호도수피,호도수피,호도수피(胡桃樹皮)
1391,1222,유호도,유호도,유호도(油胡桃)
1392,980,등심초근,등심초근,등심초근(燈心草根)
1393,947,난향초,난향초,난향초(蘭香草)
1394,1344,풍륜채,풍륜채,풍륜채(風輪菜)
1395,1278,지순,지순,지순(地筍)
1397,1114,석제저,석제저,석제저(石薺苧)
1398,1245,자소포,자소포,자소포(紫蘇苞)
1399,1122,소두,소두,소두(蘇頭)
1401,1398,황금자,황금자,황금자(黃芩子)
1402,1144,수소,수소,수소(水蘇)
1403,1019,목통근,목통근,목통근(木通根)
1404,1218,월계자,월계자,월계자(月桂子)
1405,1217,월계엽,월계엽,월계엽(月桂葉)
1406,1080,산야편두,산야편두,산야편두(山野扁豆)
1407,885,계안초,계안초,계안초(鷄眼草)
1408,1338,편두의,편두의,편두의(扁豆衣)
1409,1339,편두화,편두화,편두화(扁豆花)
1410,1337,편두등,편두등,편두등(扁豆藤)
1411,962,대산여두,대산여두,대산여두(大山黧豆)
1412,1171,야관문,야관문,야관문(夜關門)
1413,1017,목숙,목숙,목숙(苜蓿)
1414,1018,목숙근,목숙근,목숙근(苜蓿根)
1415,893,고삼실,고삼실,고삼실(苦參實)
1416,903,괴엽,괴엽,괴엽(槐葉)
1417,902,괴백피,괴백피,괴백피(槐白皮)
1418,900,괴교,괴교,괴교(槐膠)
1419,901,괴근,괴근,괴근(槐根)
1420,1387,홍차축초,홍차축초,홍차축초(紅車軸草)
1421,1043,백합화,백합화,백합화(百合花)
1422,1042,백합자,백합자,백합자(百合子)
1423,1385,홍산칠,홍산칠,홍산칠(紅酸七)
1424,1244,자미화,자미화,자미화(紫薇花)
1425,1243,자미엽,자미엽,자미엽(紫薇葉)
1426,1242,자미근,자미근,자미근(紫薇根)
1427,1287,천굴채,천굴채,천굴채(千屈菜)
1428,1014,목란화,목란화,목란화(木蘭花)
1429,1405,황촉규경,황촉규경,황촉규경(黃蜀葵莖)
1430,1407,황촉규자,황촉규자,황촉규자(黃蜀葵子)
1431,1406,황촉규엽,황촉규엽,황촉규엽(黃蜀葵葉)
1432,1309,촉규묘,촉규묘,촉규묘(蜀葵苗)
1433,1310,촉규자,촉규자,촉규자(蜀葵子)
1434,1308,촉규근,촉규근,촉규근(蜀葵根)
1435,1199,오동자,오동자,오동자(梧桐子)
1436,1200,오동화,오동화,오동화(梧桐花)
1437,1198,오동엽,오동엽,오동엽(梧桐葉)
1438,1197,오동백피,오동백피,오동백피(梧桐白皮)
1439,1196,오동근,오동근,오동근(梧桐根)
1440,1013,목근화,목근화,목근화(木槿花)
1441,1010,목근근,목근근,목근근(木槿根)
1442,1011,목근엽,목근엽,목근엽(木槿葉)
1443,1012,목근자,목근자,목근자(木槿子)
1444,1133,소청등,소청등,소청등(小靑藤)
1445,1016,목방기화,목방기화,목방기화(木防己花)
1446,1101,상엽로,상엽로,상엽로(桑葉露)
1447,1102,상엽즙,상엽즙,상엽즙(桑葉汁)
1448,1098,상시회,상시회,상시회(桑柴灰)
1449,1093,상근,상근,상근(桑根)
1450,1094,상력,상력,상력(桑瀝)
1451,1104,상피즙,상피즙,상피즙(桑皮汁)
1452,1097,상상,상상,상상(桑霜)
1453,1099,상심주,상심주,상심주(桑椹酒)
1454,1103,상영,상영,상영(桑癭)
1455,1110,석련자,석련자,석련자(石蓮子)
1456,1188,연의,연의,연의(蓮衣)
1457,1190,연화,연화,연화(蓮花)
1459,1345,하경,하경,하경(荷梗)
1460,1347,하엽체,하엽체,하엽체(荷葉蒂)
1461,1207,우,우,우(藕)
1462,939,금종화,금종화,금종화(金鐘花)
1463,1184,여정엽,여정엽,여정엽(女貞葉)
1464,1185,여정피,여정피,여정피(女貞皮)
1465,1183,여정근,여정근,여정근(女貞根)
1466,1225,음지궐,음지궐,음지궐(陰地蕨)
1467,1034,백굴채근,백굴채근,백굴채근(白屈菜根)
1468,1151,심산황근,심산황근,심산황근(深山黃堇)
1469,1348,하포모란근,하포모란근,하포모란근(荷包牡丹根)
1470,1169,앵속,앵속,앵속(罌粟)
1471,1170,앵속눈묘,앵속눈묘,앵속눈묘(罌粟嫩苗)
1472,904,괴조칠,괴조칠,괴조칠(拐棗七)
1473,1191,영목,영목,영목(柃木)
1474,1147,수택란,수택란,수택란(水澤蘭)
1475,1096,상륙화,상륙화,상륙화(商陸花)
1476,1095,상륙엽,상륙엽,상륙엽(商陸葉)
1477,1026,미상륙자,미상륙자,미상륙자(美商陸子)
1478,1089,삼송,삼송,삼송(杉松)
1479,1040,백송탑,백송탑,백송탑(白松塔)
1480,1141,송절,송절,송절(松節)
1481,1138,송근,송근,송근(松根)
1482,1140,송유,송유,송유(松油)
1483,1137,송구,송구,송구(松球)
1484,1227,의이엽,의이엽,의이엽(薏苡葉)
1485,1226,의이근,의이근,의이근(薏苡根)
1486,1038,백모침,백모침,백모침(白茅針)
1487,1039,백모화,백모화,백모화(白茅花)
1488,1005,모초엽,모초엽,모초엽(茅草葉)
1489,992,망경,망경,망경(芒莖)
1490,994,망기순자,망기순자,망기순자(芒氣筍子)
1491,993,망근,망근,망근(芒根)
1492,995,망화,망화,망화(芒花)
1493,915,구미초,구미초,구미초(狗尾草)
1494,916,구미초자,구미초자,구미초자(狗尾草子)
1495,929,금선초,금선초,금선초(金綫草)
1496,930,금선초근,금선초근,금선초근(金綫草根)
1497,907,교맥갈,교맥갈,교맥갈(蕎麥秸)
1498,1214,운지화,운지화,운지화(雲支花)
1499,1346,하수오엽,하수오엽,하수오엽(何首烏葉)
1500,1035,백날료,백날료,백날료(白辣蓼)
1501,1386,홍약자,홍약자,홍약자(紅藥子)
1502,1376,호장엽,호장엽,호장엽(虎杖葉)
1503,1283,진주채,진주채,진주채(珍珠菜)
1504,1402,황련화,황련화,황련화(黃連花)
1505,960,누두채,누두채,누두채(耬斗菜)
1506,1186,여제초,여제초,여제초(驢蹄草)
1507,1182,여위,여위,여위(女萎)
1508,1306,초모란,초모란,초모란(草牡丹)
1509,1219,위령선엽,위령선엽,위령선엽(威靈仙葉)
1510,1037,백두옹화,백두옹화,백두옹화(白頭翁花)
1511,1036,백두옹경엽,백두옹경엽,백두옹경엽(白頭翁莖葉)
1512,1003,모간,모간,모간(毛茛)
1513,1276,지구엽,지구엽,지구엽(枳椇葉)
1514,1275,지구목피,지구목피,지구목피(枳椇木皮)
1515,1274,지구목즙,지구목즙,지구목즙(枳椇木汁)
1516,1273,지구근,지구근,지구근(枳椇根)
1517,1009,목과핵,목과핵,목과핵(木瓜核)
1518,1007,목과근,목과근,목과근(木瓜根)
1519,1008,목과지,목과지,목과지(木瓜枝)
1520,1078,산사핵,산사핵,산사핵(山楂核)
1521,1077,산사목,산사목,산사목(山楂木)
1522,1076,산사근,산사근,산사근(山楂根)
1523,1068,사매근,사매근,사매근(蛇莓根)
1524,125,남포정,남포정,"남포정(藍布正), 뱀무"
1524,125,뱀무,남포정,"남포정(藍布正), 뱀무"
1525,1304,체당화,체당화,체당화(棣棠花)
1526,1315,치자연,치자연,치자연(雉子筵)
1527,1316,치자연근,치자연근,치자연근(雉子筵根)
1528,1071,사함,사함,사함(蛇含)
1529,1355,행자,행자,행자(杏子)
1530,1354,행엽,행엽,행엽(杏葉)
1531,1357,행화,행화,행화(杏花)
1532,1356,행지,행지,행지(杏枝)
1533,1353,행수피,행수피,행수피(杏樹皮)
1534,1352,행수근,행수근,행수근(杏樹根)
1535,1044,벽도건,벽도건,벽도건(碧桃乾)
1536,973,도자,도자,도자(桃子)
1537,972,도엽,도엽,"도엽(桃葉),복숭아잎"
1537,972,복숭아잎,도엽,"도엽(桃葉),복숭아잎"
1538,967,도경백피,도경백피,도경백피(桃莖白皮)
1539,969,도근,도근,도근(桃根)
1540,968,도교,도교,도교(桃膠)
1541,1079,산앵도,산앵도,산앵도(山櫻桃)
1542,1233,이자,이자,이자(梨子)
1543,1415,이피,이피,이피(梨皮)
1544,1231,이엽,이엽,이엽(梨葉)
1545,1234,이지,이지,이지(梨枝)
1546,1228,이목피,이목피,이목피(梨木皮)
1547,1229,이목회,이목회,이목회(梨木灰)
1548,1230,이수근,이수근,이수근(梨樹根)
1549,881,계마,계마,계마(鷄麻)
1550,1241,자매화,자매화,자매화(刺玫花)
1551,996,매괴로,매괴로,매괴로(玫瑰露)
1552,971,도생근,도생근,도생근(倒生根)
1553,545,욱리인,욱리인,욱리인(郁李仁)
1554,1212,욱리근,욱리근,욱리근(郁李根)
1555,925,금로매엽,금로매엽,금로매엽(金老梅葉)
1556,927,금로매화,금로매화,금로매화(金老梅花)
1557,926,금로매지,금로매지,금로매지(金老梅枝)
1558,924,금로매근,금로매근,금로매근(金老梅根)
1559,1142,수선국근,수선국근,수선국근(綉綫菊根)
1560,1143,수선국엽,수선국엽,수선국엽(綉綫菊葉)
1561,1052,봉자채,봉자채,봉자채(蓬子菜)
1562,1296,천초등,천초등,천초등(茜草藤)
1564,912,구귤핵,구귤핵,구귤핵(枸橘核)
1565,910,구귤엽,구귤엽,구귤엽(枸橘葉)
1566,911,구귤자,구귤자,구귤자(枸橘刺)
1567,1277,지근피,지근피,지근피(枳根皮)
1568,1279,지여,지여,지여(枳茹)
1569,1201,오수유근,오수유근,오수유근(吳茱萸根)
1570,1202,오수유엽,오수유엽,오수유엽(吳茱萸葉)
1571,1307,초목,초목,초목(椒目)
1572,1397,화초엽,화초엽,화초엽(花椒葉)
1573,1396,화초근,화초근,화초근(花椒根)
1574,1313,취초,취초,취초(臭草)
1575,948,난화,난화,난화(欒華)
1576,1088,삼백초근,삼백초근,삼백초근(三白草根)
1577,1004,모예화,모예화,모예화(毛蕊花)
1578,1030,발계엽,발계엽,발계엽(菝葜葉)
1580,480,양금화,양금화,양금화(洋金花)
1581,1189,연초,연초,연초(烟草)
1582,1085,산장,산장,산장(酸漿)
1583,1086,산장근,산장근,산장근(酸漿根)
1584,1205,용규자,용규자,용규자(龍葵子)
1585,1204,용규근,용규근,용규근(龍葵根)
1586,1120,성고유,성고유,성고유(省沽油)
1587,1121,성고유근,성고유근,성고유근(省沽油根)
1588,1021,몽화,몽화,몽화(夢花)
1589,1022,몽화근,몽화근,몽화근(夢花根)
1590,1023,무이장,무이장,무이장(蕪荑醬)
1591,957,낭유피,낭유피,낭유피(榔楡皮)
1592,956,낭유엽,낭유엽,낭유엽(榔楡葉)
1593,955,낭유경,낭유경,낭유경(榔楡莖)
1594,1148,수화마,수화마,수화마(水禾麻)
1595,1255,저마피,저마피,저마피(苧麻皮)
1596,1254,저마엽,저마엽,저마엽(苧麻葉)
1597,1256,저화,저화,저화(苧花)
1598,1253,저마경,저마경,저마경(苧麻梗)
1599,1127,소적마,소적마,소적마(小赤麻)
1600,1128,소적마근,소적마근,소적마근(小赤麻根)
1601,1389,홍화두초,홍화두초,홍화두초(紅鏵頭草)
1602,875,갈류즙,갈류즙,갈류즙(葛藟汁)
1603,872,갈류과실,갈류과실,갈류과실(葛藟果實)
1604,874,갈류엽,갈류엽,갈류엽(葛藟葉)
1605,873,갈류근,갈류근,갈류근(葛藟根)
1606,1340,포도,포도,포도(葡萄)
1607,1342,포도등엽,포도등엽,포도등엽(葡萄藤葉)
1608,1341,포도근,포도근,포도근(葡萄根)
1609,941,금침채,금침채,금침채(金針菜)
1610,1411,훤초눈묘,훤초눈묘,훤초눈묘(萱草嫩苗)
1611,1176,양하,양하,양하(蘘荷)
1612,1178,양하화,양하화,양하화(蘘荷花)
1613,1177,양하자,양하자,양하자(蘘荷子)
1614,1116,선화,선화,선화(旋花)
1615,1117,선화근,선화근,선화근(旋花根)
1616,1220,유송절,유송절,유송절(油松節)
1617,1220,유송절,유송절,유송절(油松節)
1618,436,송화분,송화분,"송화분(松花粉), 송화(松花), 송황(松黃), 솔꽃가루, 소나무꽃가루"
1618,436,송화,송화분,"송화분(松花粉), 송화(松花), 송황(松黃), 솔꽃가루, 소나무꽃가루"
1618,436,송황,송화분,"송화분(松花粉), 송화(松花), 송황(松黃), 솔꽃가루, 소나무꽃가루"
1618,436,솔꽃가루,송화분,"송화분(松花粉), 송화(松花), 송황(松黃), 솔꽃가루, 소나무꽃가루"
1618,436,소나무꽃가루,송화분,"송화분(松花粉), 송화(松花), 송황(松黃), 솔꽃가루, 소나무꽃가루"
1619,923,금교맥,금교맥,금교맥(金蕎麥)
1620,1294,천우슬,천우슬,천우슬(川牛膝)
1621,940,금철쇄,금철쇄,금철쇄(金鐵鎖)
1622,614,작약,작약,"작약(芍藥), 적작(赤芍)"
1622,614,적작,작약,"작약(芍藥), 적작(赤芍)"
1623,1290,천목통,천목통,천목통(川木通)
1624,1290,천목통,천목통,천목통(川木通)
1625,1412,흑종초자,흑종초자,흑종초자(黑種草子)
1626,965,대혈등,대혈등,대혈등(大血藤)
1627,1172,야목과,야목과,야목과(野木瓜)
1628,1125,소엽련,소엽련,소엽련(小葉蓮)
1629,280,방기,방기,방기(防己)
1630,921,금과람,금과람,금과람(金果欖)
1631,1401,황등,황등,황등(黃藤)
1632,1161,아호노,아호노,"아호노(亞乎奴), 석생등(錫生藤)"
1632,1161,석생등,아호노,"아호노(亞乎奴), 석생등(錫生藤)"
1633,1259,전계혈등,전계혈등,"전계혈등(滇雞血藤), 광서해풍등(廣西海風藤)"
1633,1259,광서해풍등,전계혈등,"전계혈등(滇雞血藤), 광서해풍등(廣西海風藤)"
1634,1281,지풍피,지풍피,지풍피(地楓皮)
1635,952,남오미자,남오미자,"남오미자(南五味子),오미자(五味子)"
1635,952,오미자,남오미자,"남오미자(南五味子),오미자(五味子)"
1636,892,고산날근채,고산날근채,고산날근채(高山辣根菜)
1637,1221,유인,유인,유인(蕤仁)
1638,1221,유인,유인,유인(蕤仁)
1639,320,복분자,복분자,복분자(覆盆子)
1640,1379,홍기,홍기,"홍기(紅芪), 진기(晋耆)"
1640,1379,진기,홍기,"홍기(紅芪), 진기(晋耆)"
1641,1054,분갈,분갈,"분갈(粉葛), 갈근(葛根)"
1641,1054,갈근,분갈,"분갈(粉葛), 갈근(葛根)"
1642,1349,합등자,합등자,합등자(榼藤子)
1643,880,계골초,계골초,계골초(雞骨草)
1644,1160,아차,아차,아차(兒茶)
1645,1175,양면침,양면침,양면침(兩面針)
1646,914,구리향,구리향,구리향(九里香)
1647,1154,아담자,아담자,아담자(鴉膽子)
1648,1298,청과,청과,청과(靑果)
1649,1206,용리엽,용리엽,용리엽(龍脷葉)
1650,1180,여감자,여감자,여감자(餘甘子)
1651,1057,비양초,비양초,비양초(飛揚草)
1652,899,광조,광조,광조(廣棗)
1653,1087,산향원엽,산향원엽,산향원엽(山香圓葉)
1654,1067,사라자,사라자,사라자(娑羅子)
1655,1067,사라자,사라자,사라자(娑羅子)
1656,1343,포사엽,포사엽,포사엽(布渣葉)
1657,1015,목면화,목면화,목면화(木棉花)
1658,1109,서청과,서청과,서청과(西靑果)
1659,1002,모가자,모가자,모가자(毛訶子)
1660,1108,서양삼,서양삼,서양삼(西洋參)
1661,1271,죽절삼,죽절삼,"죽절삼(竹節參), 죽절인삼(竹節人参)"
1661,1271,죽절인삼,죽절삼,"죽절삼(竹節參), 죽절인삼(竹節人参)"
1662,1269,주자삼,주자삼,주자삼(珠子參)
1663,1001,명당삼,명당삼,명당삼(明黨參)
1664,183,독활,독활,"독활(獨活), 당독활(唐独活)"
1664,183,당독활,독활,"독활(獨活), 당독활(唐独活)"
1665,530,용담,용담,용담(龍膽)
1666,1300,청엽담,청엽담,청엽담(靑葉膽)
1667,1390,홍화용담,홍화용담,홍화용담(紅花龍膽)
1668,945,나포마엽,나포마엽,나포마엽(羅布麻葉)
1669,1324,통관등,통관등,통관등(通關藤)
1670,1358,향가피,향가피,향가피(香加皮)
1671,963,대엽자주,대엽자주,대엽자주(大葉紫珠)
1672,897,광동자주,광동자주,광동자주(廣東紫珠)
1673,1006,모형엽,모형엽,모형엽(牡荊葉)
1674,1248,자주엽,자주엽,자주엽(紫珠葉)
1675,976,동릉초,동릉초,동릉초(冬凌草)
1676,974,독일미,독일미,독일미(獨一味)
1677,961,단혈류,단혈류,단혈류(斷血流)
1678,961,단혈류,단혈류,단혈류(斷血流)
1679,1393,화산삼,화산삼,화산삼(華山參)
1680,895,고현삼,고현삼,고현삼(苦玄參)
1681,1383,홍련,홍련,홍련(洪連)
1682,1020,목호접,목호접,목호접(木蝴蝶)
1683,1113,석적란,석적란,석적란(石吊蘭)
1684,953,남판람근,남판람근,남판람근(南板藍根)
1685,1293,천심련,천심련,천심련(穿心蓮)
1686,1123,소박골,소박골,소박골(小駁骨)
1687,1381,홍대극,홍대극,홍대극(紅大戟)
1688,1083,산은화,산은화,산은화(山銀花)
1689,1083,산은화,산은화,산은화(山銀花)
1690,1083,산은화,산은화,산은화(山銀花)
1691,1280,지주향,지주향,지주향(蜘蛛香)
1692,1236,익수초,익수초,익수초(翼首草)
1693,1323,토패모,토패모,토패모(土貝母)
1694,946,나한과,나한과,나한과(羅漢果)
1695,1291,천목향,천목향,천목향(川木香)
1696,1291,천목향,천목향,천목향(川木香)
1697,981,등잔세신,등잔세신,"등잔세신(燈盞細辛), 등잔화(燈盞花)"
1697,981,등잔화,등잔세신,"등잔세신(燈盞細辛), 등잔화(燈盞花)"
1698,1292,천산설련,천산설련,천산설련(天山雪蓮)
1699,1289,천리광,천리광,천리광(千里光)
1700,933,금용담초,금용담초,금용담초(金龍膽草)
1701,1311,취령단초,취령단초,취령단초(臭靈丹草)
1702,1168,애편,애편,"애편(艾片), 좌선용뇌(左旋龙脑)"
1702,1168,좌선용뇌,애편,"애편(艾片), 좌선용뇌(左旋龙脑)"
1703,1272,중루,중루,중루(重樓)
1704,1272,중루,중루,중루(重樓)
1705,1235,이패모,이패모,이패모(伊貝母)
1706,1235,이패모,이패모,이패모(伊貝母)
1707,1375,호북패모,호북패모,호북패모(湖北貝母)
1708,1055,분비해,분비해,분비해(粉萆薢)
1709,998,면비해,면비해,면비해(綿萆薢)
1710,998,면비해,면비해,면비해(綿萆薢)
1711,1403,황산약,황산약,황산약(黃山藥)
1712,1336,편강황,편강황,편강황(片薑黃)
1713,1382,홍두구,홍두구,홍두구(紅豆蔲)
1714,59,곤포,곤포,"곤포(昆布),다시마"
1714,59,다시마,곤포,"곤포(昆布),다시마"
1715,665,지룡,지룡,"지룡(地龍), 구인(蚯蚓)"
1715,665,구인,지룡,"지룡(地龍), 구인(蚯蚓)"
1716,665,지룡,지룡,"지룡(地龍), 구인(蚯蚓)"
1716,665,구인,지룡,"지룡(地龍), 구인(蚯蚓)"
1717,665,지룡,지룡,"지룡(地龍), 구인(蚯蚓)"
1717,665,구인,지룡,"지룡(地龍), 구인(蚯蚓)"
1718,665,지룡,지룡,"지룡(地龍), 구인(蚯蚓)"
1718,665,구인,지룡,"지룡(地龍), 구인(蚯蚓)"
1719,665,지룡,지룡,"지룡(地龍), 구인(蚯蚓)"
1719,665,구인,지룡,"지룡(地龍), 구인(蚯蚓)"
1720,665,지룡,지룡,"지룡(地龍), 구인(蚯蚓)"
1720,665,구인,지룡,"지룡(地龍), 구인(蚯蚓)"
1721,443,수질,수질,"수질(水蛭), 관수질(寬水蛭), 마질(馬蛭), 거마리"
1721,443,관수질,수질,"수질(水蛭), 관수질(寬水蛭), 마질(馬蛭), 거마리"
1721,443,마질,수질,"수질(水蛭), 관수질(寬水蛭), 마질(馬蛭), 거마리"
1721,443,거마리,수질,"수질(水蛭), 관수질(寬水蛭), 마질(馬蛭), 거마리"
1722,443,수질,수질,"수질(水蛭), 관수질(寬水蛭), 마질(馬蛭), 거마리"
1722,443,관수질,수질,"수질(水蛭), 관수질(寬水蛭), 마질(馬蛭), 거마리"
1722,443,마질,수질,"수질(水蛭), 관수질(寬水蛭), 마질(馬蛭), 거마리"
1722,443,거마리,수질,"수질(水蛭), 관수질(寬水蛭), 마질(馬蛭), 거마리"
1723,443,수질,수질,수질(水蛭)
1724,238,모려,모려,"모려(牡蠣),굴조가비"
1724,238,굴조가비,모려,"모려(牡蠣),굴조가비"
1725,238,모려,모려,"모려(牡蠣),굴조가비"
1725,238,굴조가비,모려,"모려(牡蠣),굴조가비"
1726,238,모려,모려,"모려(牡蠣),굴조가비"
1726,238,굴조가비,모려,"모려(牡蠣),굴조가비"
1727,259,문합,문합,"문합(文蛤), 합각(蛤殼), 대합조가비"
1727,259,합각,문합,"문합(文蛤), 합각(蛤殼), 대합조가비"
1727,259,대합조가비,문합,"문합(文蛤), 합각(蛤殼), 대합조가비"
1728,259,문합,문합,문합(文蛤)
1729,259,문합,문합,"문합(文蛤), 합각(蛤殼)"
1729,259,합각,문합,"문합(文蛤), 합각(蛤殼)"
1730,521,와릉자,와릉자,와릉자(瓦楞子)
1731,521,와릉자,와릉자,와릉자(瓦楞子)
1732,521,와릉자,와릉자,와릉자(瓦楞子)
1733,395,석결명,석결명,"석결명(石決明), 진주모(珍珠母), 전복조가비"
1733,395,진주모,석결명,"석결명(石決明), 진주모(珍珠母), 전복조가비"
1733,395,전복조가비,석결명,"석결명(石決明), 진주모(珍珠母), 전복조가비"
1734,395,석결명,석결명,"석결명(石決明), 진주모(珍珠母), 전복조가비"
1734,395,진주모,석결명,"석결명(石決明), 진주모(珍珠母), 전복조가비"
1734,395,전복조가비,석결명,"석결명(石決明), 진주모(珍珠母), 전복조가비"
1735,395,석결명,석결명,"석결명(石決明), 진주모(珍珠母), 전복조가비"
1735,395,진주모,석결명,"석결명(石決明), 진주모(珍珠母), 전복조가비"
1735,395,전복조가비,석결명,"석결명(石決明), 진주모(珍珠母), 전복조가비"
1736,395,석결명,석결명,"석결명(石決明), 진주모(珍珠母), 전복조가비"
1736,395,진주모,석결명,"석결명(石決明), 진주모(珍珠母), 전복조가비"
1736,395,전복조가비,석결명,"석결명(石決明), 진주모(珍珠母), 전복조가비"
1737,395,석결명,석결명,"석결명(石決明), 진주모(珍珠母), 전복조가비"
1737,395,진주모,석결명,"석결명(石決明), 진주모(珍珠母), 전복조가비"
1737,395,전복조가비,석결명,"석결명(石決明), 진주모(珍珠母), 전복조가비"
1738,395,석결명,석결명,"석결명(石決明), 진주모(珍珠母), 전복조가비"
1738,395,진주모,석결명,"석결명(石決明), 진주모(珍珠母), 전복조가비"
1738,395,전복조가비,석결명,"석결명(石決明), 진주모(珍珠母), 전복조가비"
1739,395,석결명,석결명,"석결명(石決明), 진주모(珍珠母), 전복조가비"
1739,395,진주모,석결명,"석결명(石決明), 진주모(珍珠母), 전복조가비"
1739,395,전복조가비,석결명,"석결명(石決明), 진주모(珍珠母), 전복조가비"
1740,395,석결명,석결명,"석결명(石決明), 진주모(珍珠母), 전복조가비"
1740,395,진주모,석결명,"석결명(石決明), 진주모(珍珠母), 전복조가비"
1740,395,전복조가비,석결명,"석결명(石決明), 진주모(珍珠母), 전복조가비"
1741,799,해표초,해표초,"해표초(海螵蛸), 오적골(烏賊骨), 오징어뼈"
1741,799,오적골,해표초,"해표초(海螵蛸), 오적골(烏賊骨), 오징어뼈"
1741,799,오징어뼈,해표초,"해표초(海螵蛸), 오적골(烏賊骨), 오징어뼈"
1742,799,해표초,해표초,"해표초(海螵蛸), 오적골(烏賊骨), 오징어뼈"
1742,799,오적골,해표초,"해표초(海螵蛸), 오적골(烏賊骨), 오징어뼈"
1742,799,오징어뼈,해표초,"해표초(海螵蛸), 오적골(烏賊骨), 오징어뼈"
1743,799,해표초,해표초,"해표초(海螵蛸), 오적골(烏賊骨), 오징어뼈"
1743,799,오적골,해표초,"해표초(海螵蛸), 오적골(烏賊骨), 오징어뼈"
1743,799,오징어뼈,해표초,"해표초(海螵蛸), 오적골(烏賊骨), 오징어뼈"
1744,507,오공,오공,"오공(蜈蚣),지네,왕지네"
1744,507,지네,오공,"오공(蜈蚣),지네,왕지네"
1744,507,왕지네,오공,"오공(蜈蚣),지네,왕지네"
1745,918,구향충,구향충,구향충(九香蟲)
1746,611,자충,자충,"자충(蟅蟲), 토별충(土鱉蟲)"
1746,611,토별충,자충,"자충(蟅蟲), 토별충(土鱉蟲)"
1747,611,자충,자충,"자충(蟅蟲), 토별충(土鱉蟲)"
1747,611,토별충,자충,"자충(蟅蟲), 토별충(土鱉蟲)"
1748,273,반묘,반묘,"반묘(斑猫), 칸타리스, 반모(斑蝥)"
1748,273,칸타리스,반묘,"반묘(斑猫), 칸타리스, 반모(斑蝥)"
1748,273,반모,반묘,"반묘(斑猫), 칸타리스, 반모(斑蝥)"
1749,273,반묘,반묘,"반묘(斑猫), 칸타리스, 반모(斑蝥)"
1749,273,칸타리스,반묘,"반묘(斑猫), 칸타리스, 반모(斑蝥)"
1749,273,반모,반묘,"반묘(斑猫), 칸타리스, 반모(斑蝥)"
1750,273,반묘,반묘,"반묘(斑猫), 칸타리스"
1750,273,칸타리스,반묘,"반묘(斑猫), 칸타리스"
1751,134,노봉방,노봉방,"노봉방(露蜂房), 봉방(蜂房), 봉소(蜂巢)"
1751,134,봉방,노봉방,"노봉방(露蜂房), 봉방(蜂房), 봉소(蜂巢)"
1751,134,봉소,노봉방,"노봉방(露蜂房), 봉방(蜂房), 봉소(蜂巢)"
1752,134,노봉방,노봉방,"노봉방(露蜂房), 봉방(蜂房), 봉소(蜂巢)"
1752,134,봉방,노봉방,"노봉방(露蜂房), 봉방(蜂房), 봉소(蜂巢)"
1752,134,봉소,노봉방,"노봉방(露蜂房), 봉방(蜂房), 봉소(蜂巢)"
1753,134,노봉방,노봉방,"노봉방(露蜂房), 봉방(蜂房), 봉소(蜂巢)"
1753,134,봉방,노봉방,"노봉방(露蜂房), 봉방(蜂房), 봉소(蜂巢)"
1753,134,봉소,노봉방,"노봉방(露蜂房), 봉방(蜂房), 봉소(蜂巢)"
1754,134,노봉방,노봉방,"노봉방(露蜂房), 봉방(蜂房)"
1754,134,봉방,노봉방,"노봉방(露蜂房), 봉방(蜂房)"
1755,134,노봉방,노봉방,"노봉방(露蜂房), 봉방(蜂房), 봉소(蜂巢), 말벌집, 로봉방"
1755,134,봉방,노봉방,"노봉방(露蜂房), 봉방(蜂房), 봉소(蜂巢), 말벌집, 로봉방"
1755,134,봉소,노봉방,"노봉방(露蜂房), 봉방(蜂房), 봉소(蜂巢), 말벌집, 로봉방"
1755,134,말벌집,노봉방,"노봉방(露蜂房), 봉방(蜂房), 봉소(蜂巢), 말벌집, 로봉방"
1755,134,로봉방,노봉방,"노봉방(露蜂房), 봉방(蜂房), 봉소(蜂巢), 말벌집, 로봉방"
1756,134,노봉방,노봉방,"노봉방(露蜂房), 말벌집, 로봉방"
1756,134,말벌집,노봉방,"노봉방(露蜂房), 말벌집, 로봉방"
1756,134,로봉방,노봉방,"노봉방(露蜂房), 말벌집, 로봉방"
1757,942,꿀,꿀,"꿀, 봉밀(蜂蜜)"
1757,942,봉밀,꿀,"꿀, 봉밀(蜂蜜)"
1758,942,꿀,꿀,"꿀, 봉밀(蜂蜜)"
1758,942,봉밀,꿀,"꿀, 봉밀(蜂蜜)"
1759,1399,황납,황납,"황납, 밀납, 봉랍(蜂蠟), 황랍(黄蝋), 밀랍, 밀, 누런밀"
1759,1399,밀납,황납,"황납, 밀납, 봉랍(蜂蠟), 황랍(黄蝋), 밀랍, 밀, 누런밀"
1759,1399,봉랍,황납,"황납, 밀납, 봉랍(蜂蠟), 황랍(黄蝋), 밀랍, 밀, 누런밀"
1759,1399,황랍,황납,"황납, 밀납, 봉랍(蜂蠟), 황랍(黄蝋), 밀랍, 밀, 누런밀"
1759,1399,밀랍,황납,"황납, 밀납, 봉랍(蜂蠟), 황랍(黄蝋), 밀랍, 밀, 누런밀"
1759,1399,밀,황납,"황납, 밀납, 봉랍(蜂蠟), 황랍(黄蝋), 밀랍, 밀, 누런밀"
1759,1399,누런밀,황납,"황납, 밀납, 봉랍(蜂蠟), 황랍(黄蝋), 밀랍, 밀, 누런밀"
1760,1399,황납,황납,"황납, 밀납, 봉랍(蜂蠟), 황랍(黄蝋), 밀랍, 밀, 누런밀"
1760,1399,밀납,황납,"황납, 밀납, 봉랍(蜂蠟), 황랍(黄蝋), 밀랍, 밀, 누런밀"
1760,1399,봉랍,황납,"황납, 밀납, 봉랍(蜂蠟), 황랍(黄蝋), 밀랍, 밀, 누런밀"
1760,1399,황랍,황납,"황납, 밀납, 봉랍(蜂蠟), 황랍(黄蝋), 밀랍, 밀, 누런밀"
1760,1399,밀랍,황납,"황납, 밀납, 봉랍(蜂蠟), 황랍(黄蝋), 밀랍, 밀, 누런밀"
1760,1399,밀,황납,"황납, 밀납, 봉랍(蜂蠟), 황랍(黄蝋), 밀랍, 밀, 누런밀"
1760,1399,누런밀,황납,"황납, 밀납, 봉랍(蜂蠟), 황랍(黄蝋), 밀랍, 밀, 누런밀"
1761,412,선퇴,선퇴,"선퇴(蟬退), 선세(蟬蛻), 선태(蟬蛻), 매미허물"
1761,412,선세,선퇴,"선퇴(蟬退), 선세(蟬蛻), 선태(蟬蛻), 매미허물"
1761,412,선태,선퇴,"선퇴(蟬退), 선세(蟬蛻), 선태(蟬蛻), 매미허물"
1761,412,매미허물,선퇴,"선퇴(蟬退), 선세(蟬蛻), 선태(蟬蛻), 매미허물"
1762,412,선퇴,선퇴,"선퇴(蟬退), 선세(蟬蛻), 선태(蟬蛻), 매미허물"
1762,412,선세,선퇴,"선퇴(蟬退), 선세(蟬蛻), 선태(蟬蛻), 매미허물"
1762,412,선태,선퇴,"선퇴(蟬退), 선세(蟬蛻), 선태(蟬蛻), 매미허물"
1762,412,매미허물,선퇴,"선퇴(蟬退), 선세(蟬蛻), 선태(蟬蛻), 매미허물"
1763,412,선퇴,선퇴,"선퇴(蟬退), 선세(蟬蛻), 선태(蟬蛻), 매미허물"
1763,412,선세,선퇴,"선퇴(蟬退), 선세(蟬蛻), 선태(蟬蛻), 매미허물"
1763,412,선태,선퇴,"선퇴(蟬退), 선세(蟬蛻), 선태(蟬蛻), 매미허물"
1763,412,매미허물,선퇴,"선퇴(蟬退), 선세(蟬蛻), 선태(蟬蛻), 매미허물"
1764,412,선퇴,선퇴,"선퇴(蟬退), 선세(蟬蛻), 선태(蟬蛻), 매미허물"
1764,412,선세,선퇴,"선퇴(蟬退), 선세(蟬蛻), 선태(蟬蛻), 매미허물"
1764,412,선태,선퇴,"선퇴(蟬退), 선세(蟬蛻), 선태(蟬蛻), 매미허물"
1764,412,매미허물,선퇴,"선퇴(蟬退), 선세(蟬蛻), 선태(蟬蛻), 매미허물"
1765,412,선퇴,선퇴,"선퇴(蟬退), 선세(蟬蛻), 선태(蟬蛻), 매미허물"
1765,412,선세,선퇴,"선퇴(蟬退), 선세(蟬蛻), 선태(蟬蛻), 매미허물"
1765,412,선태,선퇴,"선퇴(蟬退), 선세(蟬蛻), 선태(蟬蛻), 매미허물"
1765,412,매미허물,선퇴,"선퇴(蟬退), 선세(蟬蛻), 선태(蟬蛻), 매미허물"
1766,412,선퇴,선퇴,"선퇴(蟬退), 선세(蟬蛻), 선태(蟬蛻), 매미허물"
1766,412,선세,선퇴,"선퇴(蟬退), 선세(蟬蛻), 선태(蟬蛻), 매미허물"
1766,412,선태,선퇴,"선퇴(蟬退), 선세(蟬蛻), 선태(蟬蛻), 매미허물"
1766,412,매미허물,선퇴,"선퇴(蟬退), 선세(蟬蛻), 선태(蟬蛻), 매미허물"
1767,412,선퇴,선퇴,"선퇴(蟬退), 선세(蟬蛻), 선태(蟬蛻), 매미허물"
1767,412,선세,선퇴,"선퇴(蟬退), 선세(蟬蛻), 선태(蟬蛻), 매미허물"
1767,412,선태,선퇴,"선퇴(蟬退), 선세(蟬蛻), 선태(蟬蛻), 매미허물"
1767,412,매미허물,선퇴,"선퇴(蟬退), 선세(蟬蛻), 선태(蟬蛻), 매미허물"
1768,412,선퇴,선퇴,"선퇴(蟬退), 선세(蟬蛻), 선태(蟬蛻), 매미허물"
1768,412,선세,선퇴,"선퇴(蟬退), 선세(蟬蛻), 선태(蟬蛻), 매미허물"
1768,412,선태,선퇴,"선퇴(蟬退), 선세(蟬蛻), 선태(蟬蛻), 매미허물"
1768,412,매미허물,선퇴,"선퇴(蟬退), 선세(蟬蛻), 선태(蟬蛻), 매미허물"
1769,282,백강잠,백강잠,"백강잠(白殭蠶), 강잠(僵蠶), 백강누에, 흰가루병누에"
1769,282,강잠,백강잠,"백강잠(白殭蠶), 강잠(僵蠶), 백강누에, 흰가루병누에"
1769,282,백강누에,백강잠,"백강잠(白殭蠶), 강잠(僵蠶), 백강누에, 흰가루병누에"
1769,282,흰가루병누에,백강잠,"백강잠(白殭蠶), 강잠(僵蠶), 백강누에, 흰가루병누에"
1770,631,전갈,전갈,"전갈(全蝎), 전충(全蟲)"
1770,631,전충,전갈,"전갈(全蝎), 전충(全蟲)"
1772,1145,수우각,수우각,수우각(水牛角)
1773,502,영양각,영양각,영양각(羚羊角)
1774,502,영양각,영양각,영양각(羚羊角)
1775,544,우황,우황,우황(牛黃)
1776,458,아교,아교,"아교(阿膠),갖풀"
1776,458,갖풀,아교,"아교(阿膠),갖풀"
1777,458,아교,아교,"아교(阿膠),갖풀"
1777,458,갖풀,아교,"아교(阿膠),갖풀"
1778,699,천산갑,천산갑,"천산갑(穿山甲), 능리갑(鯪鯉甲)"
1778,699,능리갑,천산갑,"천산갑(穿山甲), 능리갑(鯪鯉甲)"
1779,619,저담,저담,"저담(猪膽), 메돼지열, 산저담"
1779,619,메돼지열,저담,"저담(猪膽), 메돼지열, 산저담"
1779,619,산저담,저담,"저담(猪膽), 메돼지열, 산저담"
1780,619,저담,저담,"저담(猪膽), 저담분(猪膽粉), 돼지열"
1780,619,저담분,저담,"저담(猪膽), 저담분(猪膽粉), 돼지열"
1780,619,돼지열,저담,"저담(猪膽), 저담분(猪膽粉), 돼지열"
1781,136,녹각,녹각,"녹각(鹿角),사슴뿔,록각"
1781,136,사슴뿔,녹각,"녹각(鹿角),사슴뿔,록각"
1781,136,록각,녹각,"녹각(鹿角),사슴뿔,록각"
1782,136,녹각,녹각,"녹각(鹿角),사슴뿔,록각"
1782,136,사슴뿔,녹각,"녹각(鹿角),사슴뿔,록각"
1782,136,록각,녹각,"녹각(鹿角),사슴뿔,록각"
1783,136,녹각,녹각,녹각(鹿角)
1784,140,녹용,녹용,"녹용(鹿茸),록용"
1784,140,록용,녹용,"녹용(鹿茸),록용"
1785,140,녹용,녹용,녹용(鹿茸)
1786,140,녹용,녹용,녹용(鹿茸)
1787,353,사향,사향,사향(麝香)
1788,353,사향,사향,사향(麝香)
1789,353,사향,사향,사향(麝香)
1790,1350,합마유,합마유,합마유(哈蟆油)
1791,414,섬수,섬수,"섬수(蟾酥), 두꺼비진, 섬소"
1791,414,두꺼비진,섬수,"섬수(蟾酥), 두꺼비진, 섬소"
1791,414,섬소,섬수,"섬수(蟾酥), 두꺼비진, 섬소"
1792,414,섬수,섬수,섬수(蟾酥)
1793,414,섬수,섬수,"섬수(蟾酥), 두꺼비진, 섬소"
1793,414,두꺼비진,섬수,"섬수(蟾酥), 두꺼비진, 섬소"
1793,414,섬소,섬수,"섬수(蟾酥), 두꺼비진, 섬소"
1794,36,계내금,계내금,"계내금(鷄內金), 계순피(鷄肫皮),닭위속껍질"
1794,36,계순피,계내금,"계내금(鷄內金), 계순피(鷄肫皮),닭위속껍질"
1794,36,닭위속껍질,계내금,"계내금(鷄內金), 계순피(鷄肫皮),닭위속껍질"
1795,1203,오초사,오초사,오초사(烏梢蛇)
1796,348,사세,사세,"사세(蛇蛻), 사피(蛇皮), 사퇴(蛇退), 사각(蛇殼), 사태(蛇蜕)"
1796,348,사피,사세,"사세(蛇蛻), 사피(蛇皮), 사퇴(蛇退), 사각(蛇殼), 사태(蛇蜕)"
1796,348,사퇴,사세,"사세(蛇蛻), 사피(蛇皮), 사퇴(蛇退), 사각(蛇殼), 사태(蛇蜕)"
1796,348,사각,사세,"사세(蛇蛻), 사피(蛇皮), 사퇴(蛇退), 사각(蛇殼), 사태(蛇蜕)"
1796,348,사태,사세,"사세(蛇蛻), 사피(蛇皮), 사퇴(蛇退), 사각(蛇殼), 사태(蛇蜕)"
1797,348,사세,사세,"사세(蛇蛻), 사피(蛇皮), 사퇴(蛇退), 사각(蛇殼), 사태(蛇蜕)"
1797,348,사피,사세,"사세(蛇蛻), 사피(蛇皮), 사퇴(蛇退), 사각(蛇殼), 사태(蛇蜕)"
1797,348,사퇴,사세,"사세(蛇蛻), 사피(蛇皮), 사퇴(蛇退), 사각(蛇殼), 사태(蛇蜕)"
1797,348,사각,사세,"사세(蛇蛻), 사피(蛇皮), 사퇴(蛇退), 사각(蛇殼), 사태(蛇蜕)"
1797,348,사태,사세,"사세(蛇蛻), 사피(蛇皮), 사퇴(蛇退), 사각(蛇殼), 사태(蛇蜕)"
1798,348,사세,사세,"사세(蛇蛻), 사피(蛇皮), 사퇴(蛇退), 사각(蛇殼), 사태(蛇蜕)"
1798,348,사피,사세,"사세(蛇蛻), 사피(蛇皮), 사퇴(蛇退), 사각(蛇殼), 사태(蛇蜕)"
1798,348,사퇴,사세,"사세(蛇蛻), 사피(蛇皮), 사퇴(蛇退), 사각(蛇殼), 사태(蛇蜕)"
1798,348,사각,사세,"사세(蛇蛻), 사피(蛇皮), 사퇴(蛇退), 사각(蛇殼), 사태(蛇蜕)"
1798,348,사태,사세,"사세(蛇蛻), 사피(蛇皮), 사퇴(蛇退), 사각(蛇殼), 사태(蛇蜕)"
1799,348,사세,사세,"사세(蛇蛻), 사피(蛇皮), 사퇴(蛇退), 사각(蛇殼), 사태(蛇蜕)"
1799,348,사피,사세,"사세(蛇蛻), 사피(蛇皮), 사퇴(蛇退), 사각(蛇殼), 사태(蛇蜕)"
1799,348,사퇴,사세,"사세(蛇蛻), 사피(蛇皮), 사퇴(蛇退), 사각(蛇殼), 사태(蛇蜕)"
1799,348,사각,사세,"사세(蛇蛻), 사피(蛇皮), 사퇴(蛇退), 사각(蛇殼), 사태(蛇蜕)"
1799,348,사태,사세,"사세(蛇蛻), 사피(蛇皮), 사퇴(蛇退), 사각(蛇殼), 사태(蛇蜕)"
1800,348,사세,사세,"사세(蛇蛻), 사피(蛇皮), 사퇴(蛇退), 사각(蛇殼), 사태(蛇蜕)"
1800,348,사피,사세,"사세(蛇蛻), 사피(蛇皮), 사퇴(蛇退), 사각(蛇殼), 사태(蛇蜕)"
1800,348,사퇴,사세,"사세(蛇蛻), 사피(蛇皮), 사퇴(蛇退), 사각(蛇殼), 사태(蛇蜕)"
1800,348,사각,사세,"사세(蛇蛻), 사피(蛇皮), 사퇴(蛇退), 사각(蛇殼), 사태(蛇蜕)"
1800,348,사태,사세,"사세(蛇蛻), 사피(蛇皮), 사퇴(蛇退), 사각(蛇殼), 사태(蛇蜕)"
1801,348,사세,사세,"사세(蛇蛻), 사피(蛇皮), 사퇴(蛇退), 사각(蛇殼), 사태(蛇蜕)"
1801,348,사피,사세,"사세(蛇蛻), 사피(蛇皮), 사퇴(蛇退), 사각(蛇殼), 사태(蛇蜕)"
1801,348,사퇴,사세,"사세(蛇蛻), 사피(蛇皮), 사퇴(蛇退), 사각(蛇殼), 사태(蛇蜕)"
1801,348,사각,사세,"사세(蛇蛻), 사피(蛇皮), 사퇴(蛇退), 사각(蛇殼), 사태(蛇蜕)"
1801,348,사태,사세,"사세(蛇蛻), 사피(蛇皮), 사퇴(蛇退), 사각(蛇殼), 사태(蛇蜕)"
1802,95,귀판,귀판,"귀판(龜板), 귀갑(龜甲), 남생이배딱지, 구판"
1802,95,귀갑,귀판,"귀판(龜板), 귀갑(龜甲), 남생이배딱지, 구판"
1802,95,남생이배딱지,귀판,"귀판(龜板), 귀갑(龜甲), 남생이배딱지, 구판"
1802,95,구판,귀판,"귀판(龜板), 귀갑(龜甲), 남생이배딱지, 구판"
1803,938,금전백화사,금전백화사,금전백화사(金錢白花蛇)
1804,781,합개,합개,"합개(蛤蚧), 합해(蛤蟹)"
1804,781,합해,합개,"합개(蛤蚧), 합해(蛤蟹)"
1805,310,백화사,백화사,"백화사(白花蛇), 기사(蘄蛇)"
1805,310,기사,백화사,"백화사(白花蛇), 기사(蘄蛇)"
1806,314,별갑,별갑,"별갑(鱉甲), 별갑(鼈甲), 단어(團魚), 토별갑(土別甲), 자라등딱지"
1806,314,별갑,별갑,"별갑(鱉甲), 별갑(鼈甲), 단어(團魚), 토별갑(土別甲), 자라등딱지"
1806,314,단어,별갑,"별갑(鱉甲), 별갑(鼈甲), 단어(團魚), 토별갑(土別甲), 자라등딱지"
1806,314,토별갑,별갑,"별갑(鱉甲), 별갑(鼈甲), 단어(團魚), 토별갑(土別甲), 자라등딱지"
1806,314,자라등딱지,별갑,"별갑(鱉甲), 별갑(鼈甲), 단어(團魚), 토별갑(土別甲), 자라등딱지"
1807,789,해마,해마,"해마(海馬), 수마(水馬), 마두어(馬頭魚)"
1807,789,수마,해마,"해마(海馬), 수마(水馬), 마두어(馬頭魚)"
1807,789,마두어,해마,"해마(海馬), 수마(水馬), 마두어(馬頭魚)"
1808,789,해마,해마,"해마(海馬), 수마(水馬), 마두어(馬頭魚)"
1808,789,수마,해마,"해마(海馬), 수마(水馬), 마두어(馬頭魚)"
1808,789,마두어,해마,"해마(海馬), 수마(水馬), 마두어(馬頭魚)"
1809,789,해마,해마,"해마(海馬), 수마(水馬), 마두어(馬頭魚)"
1809,789,수마,해마,"해마(海馬), 수마(水馬), 마두어(馬頭魚)"
1809,789,마두어,해마,"해마(海馬), 수마(水馬), 마두어(馬頭魚)"
1810,789,해마,해마,"해마(海馬), 수마(水馬), 마두어(馬頭魚)"
1810,789,수마,해마,"해마(海馬), 수마(水馬), 마두어(馬頭魚)"
1810,789,마두어,해마,"해마(海馬), 수마(水馬), 마두어(馬頭魚)"
1811,789,해마,해마,"해마(海馬), 수마(水馬), 마두어(馬頭魚)"
1811,789,수마,해마,"해마(海馬), 수마(水馬), 마두어(馬頭魚)"
1811,789,마두어,해마,"해마(海馬), 수마(水馬), 마두어(馬頭魚)"
1812,789,해마,해마,"해마(海馬), 수마(水馬), 마두어(馬頭魚)"
1812,789,수마,해마,"해마(海馬), 수마(水馬), 마두어(馬頭魚)"
1812,789,마두어,해마,"해마(海馬), 수마(水馬), 마두어(馬頭魚)"
1813,1351,해룡,해룡,해룡(海龍)
1814,1351,해룡,해룡,해룡(海龍)
1815,1351,해룡,해룡,해룡(海龍)
1816,1282,진주모,진주모,진주모(珍珠母)
1817,1282,진주모,진주모,"진주모(珍珠母), 진주조가비"
1817,1282,진주조가비,진주모,"진주모(珍珠母), 진주조가비"
1818,1282,진주모,진주모,"진주모(珍珠母), 진주조가비"
1818,1282,진주조가비,진주모,"진주모(珍珠母), 진주조가비"
1819,1282,진주모,진주모,"진주모(珍珠母), 진주조가비"
1819,1282,진주조가비,진주모,"진주모(珍珠母), 진주조가비"
1820,675,진주,진주,"진주(珍珠), 진주(眞珠)"
1820,675,진주,진주,"진주(珍珠), 진주(眞珠)"
1821,675,진주,진주,"진주(珍珠), 진주(眞珠)"
1821,675,진주,진주,"진주(珍珠), 진주(眞珠)"
1822,675,진주,진주,"진주(珍珠), 진주(眞珠)"
1822,675,진주,진주,"진주(珍珠), 진주(眞珠)"
1823,675,진주,진주,"진주(珍珠), 진주(眞珠)"
1823,675,진주,진주,"진주(珍珠), 진주(眞珠)"
1824,1237,인공우황,인공우황,인공우황(人工牛黃)
1825,1305,체외배육우황,체외배육우황,체외배육우황(体外培育牛黃)
1826,407,석유황,석유황,"석유황(石硫黃), 유황(硫黃)"
1826,407,유황,석유황,"석유황(石硫黃), 유황(硫黃)"
1827,607,자연동,자연동,"자연동(自然銅), 산골(山骨), 석수연(石髓鉛)"
1827,607,산골,자연동,"자연동(自然銅), 산골(山骨), 석수연(石髓鉛)"
1827,607,석수연,자연동,"자연동(自然銅), 산골(山骨), 석수연(石髓鉛)"
1828,168,대자석,대자석,"대자석(代赭石), 자석(赭石), 적토(赤土)"
1828,168,자석,대자석,"대자석(代赭石), 자석(赭石), 적토(赤土)"
1828,168,적토,대자석,"대자석(代赭石), 자석(赭石), 적토(赤土)"
1829,599,자석,자석,"자석(磁石), 모자석(毛磁石), 지남석(指南石), 영자석(靈磁石)"
1829,599,모자석,자석,"자석(磁石), 모자석(毛磁石), 지남석(指南石), 영자석(靈磁石)"
1829,599,지남석,자석,"자석(磁石), 모자석(毛磁石), 지남석(指南石), 영자석(靈磁石)"
1829,599,영자석,자석,"자석(磁石), 모자석(毛磁石), 지남석(指南石), 영자석(靈磁石)"
1830,1384,홍분,홍분,홍분(紅粉)
1831,1211,우여량,우여량,우여량(禹餘粮)
1832,839,활석,활석,"활석(滑石), 연활석(軟滑石), 곱돌"
1832,839,연활석,활석,"활석(滑石), 연활석(軟滑石), 곱돌"
1832,839,곱돌,활석,"활석(滑石), 연활석(軟滑石), 곱돌"
1833,624,적석지,적석지,"적석지(赤石脂), 적석토(赤石土), 곱흙"
1833,624,적석토,적석지,"적석지(赤石脂), 적석토(赤石土), 곱흙"
1833,624,곱흙,적석지,"적석지(赤石脂), 적석토(赤石土), 곱흙"
1834,396,석고,석고,"석고(石膏),천연석고"
1834,396,천연석고,석고,"석고(石膏),천연석고"
1835,139,녹반,녹반,"녹반(綠礬), 조반(皂礬), 록반"
1835,139,조반,녹반,"녹반(綠礬), 조반(皂礬), 록반"
1835,139,록반,녹반,"녹반(綠礬), 조반(皂礬), 록반"
1836,292,백반,백반,"백반(白礬), 명반(明礬), 황산알루미늄칼륨수화물"
1836,292,명반,백반,"백반(白礬), 명반(明礬), 황산알루미늄칼륨수화물"
1836,292,황산알루미늄칼륨수화물,백반,"백반(白礬), 명반(明礬), 황산알루미늄칼륨수화물"
1837,228,망초,망초,"망초(芒硝), 황산나트륨"
1837,228,황산나트륨,망초,"망초(芒硝), 황산나트륨"
1838,1363,현명분,현명분,"현명분(玄明粉),무수망초(無水芒硝)"
1838,1363,무수망초,현명분,"현명분(玄明粉),무수망초(無水芒硝)"
1839,131,노감석,노감석,"노감석(爐甘石), 감석(甘石), 로감석"
1839,131,감석,노감석,"노감석(爐甘石), 감석(甘石), 로감석"
1839,131,로감석,노감석,"노감석(爐甘石), 감석(甘石), 로감석"
1840,408,석종유,석종유,"석종유(石鐘乳), 종유석(鐘乳石), 석순"
1840,408,종유석,석종유,"석종유(石鐘乳), 종유석(鐘乳石), 석순"
1840,408,석순,석종유,"석종유(石鐘乳), 종유석(鐘乳石), 석순"
1841,601,자석영,자석영,"자석영(紫石英), 형석(螢石), 자수정"
1841,601,형석,자석영,"자석영(紫石英), 형석(螢石), 자수정"
1841,601,자수정,자석영,"자석영(紫石英), 형석(螢石), 자수정"
1842,964,대청염,대청염,대청염(大靑鹽)
1843,877,경분,경분,경분(輕粉)
1844,1395,화예석,화예석,화예석(花蕊石)
1845,928,금몽석,금몽석,금몽석(金礞石)
1846,1299,청몽석,청몽석,청몽석(靑礞石)
1847,213,마발,마발,마발(馬勃)
1848,213,마발,마발,마발(馬勃)
1849,213,마발,마발,마발(馬勃)
1850,620,저령,저령,"저령(猪苓), 참나무뿌리버섯"
1850,620,참나무뿌리버섯,저령,"저령(猪苓), 참나무뿌리버섯"
1851,1213,운지,운지,운지(雲芝)
1852,504,영지,영지,"영지(靈芝), 적지(赤芝), 흑지(黑芝), 청지(靑芝), 백지(白芝), 황지(黃芝), 자지(紫芝), 만년버섯, 령지, 불로초"
1852,504,적지,영지,"영지(靈芝), 적지(赤芝), 흑지(黑芝), 청지(靑芝), 백지(白芝), 황지(黃芝), 자지(紫芝), 만년버섯, 령지, 불로초"
1852,504,흑지,영지,"영지(靈芝), 적지(赤芝), 흑지(黑芝), 청지(靑芝), 백지(白芝), 황지(黃芝), 자지(紫芝), 만년버섯, 령지, 불로초"
1852,504,청지,영지,"영지(靈芝), 적지(赤芝), 흑지(黑芝), 청지(靑芝), 백지(白芝), 황지(黃芝), 자지(紫芝), 만년버섯, 령지, 불로초"
1852,504,백지,영지,"영지(靈芝), 적지(赤芝), 흑지(黑芝), 청지(靑芝), 백지(白芝), 황지(黃芝), 자지(紫芝), 만년버섯, 령지, 불로초"
1852,504,황지,영지,"영지(靈芝), 적지(赤芝), 흑지(黑芝), 청지(靑芝), 백지(白芝), 황지(黃芝), 자지(紫芝), 만년버섯, 령지, 불로초"
1852,504,자지,영지,"영지(靈芝), 적지(赤芝), 흑지(黑芝), 청지(靑芝), 백지(白芝), 황지(黃芝), 자지(紫芝), 만년버섯, 령지, 불로초"
1852,504,만년버섯,영지,"영지(靈芝), 적지(赤芝), 흑지(黑芝), 청지(靑芝), 백지(白芝), 황지(黃芝), 자지(紫芝), 만년버섯, 령지, 불로초"
1852,504,령지,영지,"영지(靈芝), 적지(赤芝), 흑지(黑芝), 청지(靑芝), 백지(白芝), 황지(黃芝), 자지(紫芝), 만년버섯, 령지, 불로초"
1852,504,불로초,영지,"영지(靈芝), 적지(赤芝), 흑지(黑芝), 청지(靑芝), 백지(白芝), 황지(黃芝), 자지(紫芝), 만년버섯, 령지, 불로초"
1853,504,영지,영지,"영지(靈芝), 적지(赤芝), 흑지(黑芝), 청지(靑芝), 백지(白芝), 황지(黃芝), 자지(紫芝)"
1853,504,적지,영지,"영지(靈芝), 적지(赤芝), 흑지(黑芝), 청지(靑芝), 백지(白芝), 황지(黃芝), 자지(紫芝)"
1853,504,흑지,영지,"영지(靈芝), 적지(赤芝), 흑지(黑芝), 청지(靑芝), 백지(白芝), 황지(黃芝), 자지(紫芝)"
1853,504,청지,영지,"영지(靈芝), 적지(赤芝), 흑지(黑芝), 청지(靑芝), 백지(白芝), 황지(黃芝), 자지(紫芝)"
1853,504,백지,영지,"영지(靈芝), 적지(赤芝), 흑지(黑芝), 청지(靑芝), 백지(白芝), 황지(黃芝), 자지(紫芝)"
1853,504,황지,영지,"영지(靈芝), 적지(赤芝), 흑지(黑芝), 청지(靑芝), 백지(白芝), 황지(黃芝), 자지(紫芝)"
1853,504,자지,영지,"영지(靈芝), 적지(赤芝), 흑지(黑芝), 청지(靑芝), 백지(白芝), 황지(黃芝), 자지(紫芝)"
1854,144,뇌환,뇌환,"뇌환(雷丸), 죽령(竹苓), 뢰환, 뢰실"
1854,144,죽령,뇌환,"뇌환(雷丸), 죽령(竹苓), 뢰환, 뢰실"
1854,144,뢰환,뇌환,"뇌환(雷丸), 죽령(竹苓), 뢰환, 뢰실"
1854,144,뢰실,뇌환,"뇌환(雷丸), 죽령(竹苓), 뢰환, 뢰실"
1855,798,해조,해조,해조(海藻)
1856,798,해조,해조,해조(海藻)
1857,193,동충하초,동충하초,"동충하초(冬蟲夏草), 충초(虫草)"
1857,193,충초,동충하초,"동충하초(冬蟲夏草), 충초(虫草)"
1858,1365,혈여탄,혈여탄,혈여탄(血餘炭)
1859,386,상표초,상표초,상표초(桑螵蛸)
1860,386,상표초,상표초,상표초(桑螵蛸)
1861,386,상표초,상표초,상표초(桑螵蛸)
1862,386,상표초,상표초,상표초(桑螵蛸)
1863,655,주사,주사,"주사(朱砂), 진사(辰砂), 단사"
1863,655,진사,주사,"주사(朱砂), 진사(辰砂), 단사"
1863,655,단사,주사,"주사(朱砂), 진사(辰砂), 단사"
1864,1216,웅황,웅황,"웅황(雄黃), 석웅황"
1864,1216,석웅황,웅황,"웅황(雄黃), 석웅황"
1865,1048,봉교,봉교,"봉교(蜂膠), 프로폴리스, 벌풀"
1865,1048,프로폴리스,봉교,"봉교(蜂膠), 프로폴리스, 벌풀"
1865,1048,벌풀,봉교,"봉교(蜂膠), 프로폴리스, 벌풀"
1866,1048,봉교,봉교,"봉교(蜂膠), 프로폴리스, 벌풀"
1866,1048,프로폴리스,봉교,"봉교(蜂膠), 프로폴리스, 벌풀"
1866,1048,벌풀,봉교,"봉교(蜂膠), 프로폴리스, 벌풀"
1867,137,녹각교,녹각교,"녹각교(鹿角膠),사슴뿔갖풀,록각교"
1867,137,사슴뿔갖풀,녹각교,"녹각교(鹿角膠),사슴뿔갖풀,록각교"
1867,137,록각교,녹각교,"녹각교(鹿角膠),사슴뿔갖풀,록각교"
1868,389,생지황,생지황,"생지황(生地黃), 생지(生地), 선지황(鮮地黃)"
1868,389,생지,생지황,"생지황(生地黃), 생지(生地), 선지황(鮮地黃)"
1868,389,선지황,생지황,"생지황(生地黃), 생지(生地), 선지황(鮮地黃)"
1869,321,복신,복신,"복신(茯神), 백복신(白茯神)"
1869,321,백복신,복신,"복신(茯神), 백복신(白茯神)"
1870,1124,소백부,소백부,소백부(小百部)
1871,1410,훈의초,훈의초,훈의초(熏衣草)
1872,1321,택칠,택칠,택칠(澤漆)
1873,636,접골목,접골목,접골목(接骨木)
1874,509,오르소시폰가루,오르소시폰가루,오르소시폰가루
1875,1215,웅과엽,웅과엽,"웅과엽(熊果葉), 우와우루시(ウワウルシ)"
1875,1215,우와우루시(ウワウルシ),웅과엽,"웅과엽(熊果葉), 우와우루시(ウワウルシ)"
1876,295,백산태,백산태,"백산태(白山苔), 백산차"
1876,295,백산차,백산태,"백산태(白山苔), 백산차"
1880,871,간유,간유,간유(肝油)
1881,25,건조간장가루,건조간장가루,"건조간장가루,간장(肝臟)"
1881,25,간장,건조간장가루,"건조간장가루,간장(肝臟)"
1882,32,경납,경납,경납(鯨蠟)
1883,59,곤포,곤포,곤포(昆布)
1884,63,과루,과루,과루(瓜蔞)
1885,64,과루피,과루피,과루피(瓜蔞皮)
1886,896,관동엽,관동엽,"관동엽(款冬葉),관동화잎"
1886,896,관동화잎,관동엽,"관동엽(款冬葉),관동화잎"
1887,89,국거,국거,국거(菊苣)
1888,928,금몽석,금몽석,금몽석(金礞石)
1889,103,금박,금박,"금박(金箔),금박지(金箔紙)"
1889,103,금박지,금박,"금박(金箔),금박지(金箔紙)"
1890,937,금잔국,금잔국,"금잔국(金盞菊),금전화"
1890,937,금전화,금잔국,"금잔국(金盞菊),금전화"
1891,1091,삼정향잎,삼정향잎,삼정향잎
1892,954,남한수석,남한수석,남한수석(南寒水石)
1893,958,낭탕근,낭탕근,"낭탕근(莨菪根), 독풀뿌리, 랑탕근"
1893,958,독풀뿌리,낭탕근,"낭탕근(莨菪根), 독풀뿌리, 랑탕근"
1893,958,랑탕근,낭탕근,"낭탕근(莨菪根), 독풀뿌리, 랑탕근"
1894,131,노감석,노감석,"노감석(爐甘石), 감석(甘石)"
1894,131,감석,노감석,"노감석(爐甘石), 감석(甘石)"
1895,143,녹총,녹총,"녹총(鹿葱),상사화비늘줄기,리별초"
1895,143,상사화비늘줄기,녹총,"녹총(鹿葱),상사화비늘줄기,리별초"
1895,143,리별초,녹총,"녹총(鹿葱),상사화비늘줄기,리별초"
1896,145,누고,누고,"누고(螻蛄),지구(地狗)"
1896,145,지구,누고,"누고(螻蛄),지구(地狗)"
1897,145,누고,누고,"누고(螻蛄),지구(地狗)"
1897,145,지구,누고,"누고(螻蛄),지구(地狗)"
1898,145,누고,누고,"누고(螻蛄),지구(地狗)"
1898,145,지구,누고,"누고(螻蛄),지구(地狗)"
1899,970,도금낭근,도금낭근,도금낭근(桃金娘根)
1900,1391,화강활,화강활,"화강활(和羌活), 和羗活"
1900,1391,和羗活,화강활,"화강활(和羌活), 和羗活"
1901,975,돈지,돈지,돈지(豚脂)
1902,192,동청,동청,"동청(銅靑), 녹청(綠靑), 동록(銅綠)"
1902,192,녹청,동청,"동청(銅靑), 녹청(綠靑), 동록(銅綠)"
1902,192,동록,동청,"동청(銅靑), 녹청(綠靑), 동록(銅綠)"
1903,204,등심초,등심초,등심초(燈心草)
1904,1264,정제라놀린,정제라놀린,정제라놀린
1905,211,마두령,마두령,마두령(馬兜鈴)
1906,991,만형엽,만형엽,만형엽(蔓荊葉)
1907,233,맹충,맹충,"맹충(虻蟲),비맹(蜚虻)"
1907,233,비맹,맹충,"맹충(虻蟲),비맹(蜚虻)"
1908,233,맹충,맹충,"맹충(虻蟲),비맹(蜚虻)"
1908,233,비맹,맹충,"맹충(虻蟲),비맹(蜚虻)"
1909,252,목통,목통,목통(木通)
1910,252,목통,목통,목통(木通)
1911,1033,방해,방해,"방해(方海), 방해(螃蟹)"
1911,1033,방해,방해,"방해(方海), 방해(螃蟹)"
1912,1033,방해,방해,"방해(方海), 방해(螃蟹)"
1912,1033,방해,방해,"방해(方海), 방해(螃蟹)"
1913,1033,방해,방해,"방해(方海), 방해(螃蟹)"
1913,1033,방해,방해,"방해(方海), 방해(螃蟹)"
1914,284,백굴채,백굴채,"백굴채(白屈菜),젖풀"
1914,284,젖풀,백굴채,"백굴채(白屈菜),젖풀"
1915,1034,백굴채근,백굴채근,"백굴채근(白屈菜根),젖풀뿌리"
1915,1034,젖풀뿌리,백굴채근,"백굴채근(白屈菜根),젖풀뿌리"
1916,287,백두구,백두구,"백두구(白豆蔲),두구(豆蔻)"
1916,287,두구,백두구,"백두구(白豆蔲),두구(豆蔻)"
1917,294,백부자,백부자,백부자(白附子)
1918,304,백초상,백초상,"백초상(百草霜), 조돌묵(灶突墨), 조매(灶煤)"
1918,304,조돌묵,백초상,"백초상(百草霜), 조돌묵(灶突墨), 조매(灶煤)"
1918,304,조매,백초상,"백초상(百草霜), 조돌묵(灶突墨), 조매(灶煤)"
1919,1047,복사,복사,"복사(蝮蛇),살모사,독사"
1919,1047,살모사,복사,"복사(蝮蛇),살모사,독사"
1919,1047,독사,복사,"복사(蝮蛇),살모사,독사"
1920,388,생로얄젤리,생로얄젤리,"생로얄젤리,봉유(蜂乳)"
1920,388,봉유,생로얄젤리,"생로얄젤리,봉유(蜂乳)"
1921,1053,봉황의,봉황의,봉황의(鳳凰衣)
1922,332,비자,비자,"비자(榧子),옥비(玉榧)"
1922,332,옥비,비자,"비자(榧子),옥비(玉榧)"
1923,344,사담,사담,사담(蛇膽)
1924,344,사담,사담,사담(蛇膽)
1925,344,사담,사담,사담(蛇膽)
1926,344,사담,사담,사담(蛇膽)
1927,344,사담,사담,사담(蛇膽)
1928,344,사담,사담,"사담(蛇膽),독뱀열"
1928,344,독뱀열,사담,"사담(蛇膽),독뱀열"
1929,344,사담,사담,"사담(蛇膽),독뱀열"
1929,344,독뱀열,사담,"사담(蛇膽),독뱀열"
1930,344,사담,사담,"사담(蛇膽),독뱀열"
1930,344,독뱀열,사담,"사담(蛇膽),독뱀열"
1931,1070,사육,사육,사육(蛇肉)
1932,1070,사육,사육,사육(蛇肉)
1933,1070,사육,사육,사육(蛇肉)
1934,350,사인,사인,"사인(砂仁),축사(縮砂),축사씨,축사인"
1934,350,축사,사인,"사인(砂仁),축사(縮砂),축사씨,축사인"
1934,350,축사씨,사인,"사인(砂仁),축사(縮砂),축사씨,축사인"
1934,350,축사인,사인,"사인(砂仁),축사(縮砂),축사씨,축사인"
1935,1081,산양각,산양각,산양각(山羊角)
1936,1081,산양각,산양각,"산양각(山羊角),산양뿔"
1936,1081,산양뿔,산양각,"산양각(山羊角),산양뿔"
1937,367,산자고,산자고,산자고(山慈姑)
1938,1100,상아,상아,"상아(桑芽),신나무잎"
1938,1100,신나무잎,상아,"상아(桑芽),신나무잎"
1939,1105,색적양,색적양,"색적양(色赤楊),물오리나무열매"
1939,1105,물오리나무열매,색적양,"색적양(色赤楊),물오리나무열매"
1940,1107,서부충,서부충,서부충(鼠婦蟲)
1941,398,석곡,석곡,석곡(石斛)
1942,399,석룡자,석룡자,"석룡자(石龍子), 석척(蜥蜴), 석척(石蜴), 수궁(守宮)"
1942,399,석척,석룡자,"석룡자(石龍子), 석척(蜥蜴), 석척(石蜴), 수궁(守宮)"
1942,399,석척,석룡자,"석룡자(石龍子), 석척(蜥蜴), 석척(石蜴), 수궁(守宮)"
1942,399,수궁,석룡자,"석룡자(石龍子), 석척(蜥蜴), 석척(石蜴), 수궁(守宮)"
1943,399,석룡자,석룡자,"석룡자(石龍子), 석척(蜥蜴), 석척石蜴), 수궁(守宮)"
1943,399,석척,석룡자,"석룡자(石龍子), 석척(蜥蜴), 석척石蜴), 수궁(守宮)"
1943,399,석척石蜴),석룡자,"석룡자(石龍子), 석척(蜥蜴), 석척石蜴), 수궁(守宮)"
1943,399,수궁,석룡자,"석룡자(石龍子), 석척(蜥蜴), 석척石蜴), 수궁(守宮)"
1944,404,석연,석연,"석연(石燕), 석연자(石燕子), 연자석(燕子石)"
1944,404,석연자,석연,"석연(石燕), 석연자(石燕子), 연자석(燕子石)"
1944,404,연자석,석연,"석연(石燕), 석연자(石燕子), 연자석(燕子石)"
1945,405,석예초,석예초,"석예초(石蕊草), 석예(石蕊), 석화(石花)"
1945,405,석예,석예초,"석예초(石蕊草), 석예(石蕊), 석화(石花)"
1945,405,석화,석예초,"석예초(石蕊草), 석예(石蕊), 석화(石花)"
1946,409,석창포,석창포,석창포(石菖蒲)
1947,413,섬서,섬서,"섬서(蟾蜍), 섬(蟾), 하마(蝦䗫), 건섬(乾蟾), 두꺼비, 섬여"
1947,413,섬,섬서,"섬서(蟾蜍), 섬(蟾), 하마(蝦䗫), 건섬(乾蟾), 두꺼비, 섬여"
1947,413,하마,섬서,"섬서(蟾蜍), 섬(蟾), 하마(蝦䗫), 건섬(乾蟾), 두꺼비, 섬여"
1947,413,건섬,섬서,"섬서(蟾蜍), 섬(蟾), 하마(蝦䗫), 건섬(乾蟾), 두꺼비, 섬여"
1947,413,두꺼비,섬서,"섬서(蟾蜍), 섬(蟾), 하마(蝦䗫), 건섬(乾蟾), 두꺼비, 섬여"
1947,413,섬여,섬서,"섬서(蟾蜍), 섬(蟾), 하마(蝦䗫), 건섬(乾蟾), 두꺼비, 섬여"
1948,413,섬서,섬서,"섬서(蟾蜍), 섬(蟾), 하마(蝦䗫), 건섬(乾蟾)"
1948,413,섬,섬서,"섬서(蟾蜍), 섬(蟾), 하마(蝦䗫), 건섬(乾蟾)"
1948,413,하마,섬서,"섬서(蟾蜍), 섬(蟾), 하마(蝦䗫), 건섬(乾蟾)"
1948,413,건섬,섬서,"섬서(蟾蜍), 섬(蟾), 하마(蝦䗫), 건섬(乾蟾)"
1949,413,섬서,섬서,"섬서(蟾蜍), 두꺼비, 섬여"
1949,413,두꺼비,섬서,"섬서(蟾蜍), 두꺼비, 섬여"
1949,413,섬여,섬서,"섬서(蟾蜍), 두꺼비, 섬여"
1950,1119,섬피,섬피,섬피(蟾皮)
1951,1119,섬피,섬피,섬피(蟾皮)
1952,429,소통초,소통초,소통초(小通草)
1953,1139,송라,송라,송라(松蘿)
1954,1139,송라,송라,송라(松蘿)
1955,441,수선화,수선화,"수선화(水仙花),수선화비늘줄기"
1955,441,수선화비늘줄기,수선화,"수선화(水仙花),수선화비늘줄기"
1956,455,신곡,신곡,"신곡(神麯),신국(神麴),육신곡(六神曲)"
1956,455,신국,신곡,"신곡(神麯),신국(神麴),육신곡(六神曲)"
1956,455,육신곡,신곡,"신곡(神麯),신국(神麴),육신곡(六神曲)"
1957,456,신근초,신근초,신근초(伸筋草)
1958,1153,아담분,아담분,아담분(鵝膽粉)
1959,1155,아라비아고무,아라비아고무,아라비아고무
1960,1156,아로니아,아로니아,"아로니아,단나무열매"
1960,1156,단나무열매,아로니아,"아로니아,단나무열매"
1961,463,아위,아위,아위(阿魏)
1962,463,아위,아위,아위(阿魏)
1963,1160,아차,아차,아차(兒茶)
1964,464,아출,아출,"아출(莪朮),아출(莪蒁),봉출"
1964,464,아출,아출,"아출(莪朮),아출(莪蒁),봉출"
1964,464,봉출,아출,"아출(莪朮),아출(莪蒁),봉출"
1969,158,당귀,당귀,당귀(當歸)
1970,477,야명사,야명사,"야명사(夜明砂),천서시(天鼠屎)"
1970,477,천서시,야명사,"야명사(夜明砂),천서시(天鼠屎)"
1971,1423,야자유,야자유,야자유(椰子油)
1972,1424,양골,양골,양골(羊骨)
1973,1424,양골,양골,양골(羊骨)
1974,1425,양육·양담·양간,양육·양담·양간,양육·양담·양간(羊肉·羊膽·羊肝)
1975,486,어교,어교,"어교(魚膠), 표교(鰾膠), 어표(魚鰾)"
1975,486,표교,어교,"어교(魚膠), 표교(鰾膠), 어표(魚鰾)"
1975,486,어표,어교,"어교(魚膠), 표교(鰾膠), 어표(魚鰾)"
1976,486,어교,어교,"어교(魚膠), 표교(鰾膠), 어표(魚鰾)"
1976,486,표교,어교,"어교(魚膠), 표교(鰾膠), 어표(魚鰾)"
1976,486,어표,어교,"어교(魚膠), 표교(鰾膠), 어표(魚鰾)"
1977,486,어교,어교,"어교(魚膠), 표교(鰾膠), 어표(魚鰾)"
1977,486,표교,어교,"어교(魚膠), 표교(鰾膠), 어표(魚鰾)"
1977,486,어표,어교,"어교(魚膠), 표교(鰾膠), 어표(魚鰾)"
1978,1426,연교경엽,연교경엽,"연교경엽(連翹莖葉), 개나리잎"
1978,1426,개나리잎,연교경엽,"연교경엽(連翹莖葉), 개나리잎"
1979,497,연전초,연전초,"연전초(連錢草),병꽃풀,련전초"
1979,497,병꽃풀,연전초,"연전초(連錢草),병꽃풀,련전초"
1979,497,련전초,연전초,"연전초(連錢草),병꽃풀,련전초"
1980,503,영와,영와,"영와(鈴蛙),금와(錦蛙)"
1980,503,금와,영와,"영와(鈴蛙),금와(錦蛙)"
1981,505,예지자,예지자,"예지자(預知子), 임하부인(林下婦人), 팔월찰(八月札)"
1981,505,임하부인,예지자,"예지자(預知子), 임하부인(林下婦人), 팔월찰(八月札)"
1981,505,팔월찰,예지자,"예지자(預知子), 임하부인(林下婦人), 팔월찰(八月札)"
1982,505,예지자,예지자,"예지자(預知子), 임하부인(林下婦人), 팔월찰(八月札)"
1982,505,임하부인,예지자,"예지자(預知子), 임하부인(林下婦人), 팔월찰(八月札)"
1982,505,팔월찰,예지자,"예지자(預知子), 임하부인(林下婦人), 팔월찰(八月札)"
1983,1428,오계,오계,오계(烏鷄)
1984,508,오령지,오령지,오령지(五靈脂)
1985,513,오배자,오배자,오배자(五倍子)
1986,513,오배자,오배자,오배자(五倍子)
1987,525,요사,요사,"요사(硇砂),북정사(北庭砂)"
1987,525,북정사,요사,"요사(硇砂),북정사(北庭砂)"
1988,526,요양화,요양화,요양화(鬧羊花)
1989,527,용골,용골,용골(龍骨)
1990,530,용담,용담,"용담(龍膽),과남풀뿌리,룡담"
1990,530,과남풀뿌리,용담,"용담(龍膽),과남풀뿌리,룡담"
1990,530,룡담,용담,"용담(龍膽),과남풀뿌리,룡담"
1991,535,우담,우담,"우담(牛膽), 소열"
1991,535,소열,우담,"우담(牛膽), 소열"
1992,535,우담,우담,우담(牛膽)
1993,1431,우수,우수,우수(牛髓)
1994,1431,우수,우수,우수(牛髓)
1995,1432,우심,우심,우심(牛心)
1996,1432,우심,우심,우심(牛心)
1997,1433,우유,우유,우유(牛乳)
1998,1433,우유,우유,우유(牛乳)
1999,1465,우지,우지,우지(牛脂)
2000,545,욱리인,욱리인,욱리인(郁李仁)
2001,545,욱리인,욱리인,욱리인(郁李仁)
2002,548,운모,운모,"운모(雲母), 운모석(雲母石), 돌비늘"
2002,548,운모석,운모,"운모(雲母), 운모석(雲母石), 돌비늘"
2002,548,돌비늘,운모,"운모(雲母), 운모석(雲母石), 돌비늘"
2003,551,웅담,웅담,"웅담(熊膽), 곰열"
2003,551,곰열,웅담,"웅담(熊膽), 곰열"
2004,551,웅담,웅담,"웅담(熊膽), 곰열"
2004,551,곰열,웅담,"웅담(熊膽), 곰열"
2005,154,달맞이꽃씨,달맞이꽃씨,달맞이꽃씨
2006,155,달맞이꽃씨기름,달맞이꽃씨기름,"달맞이꽃씨기름,월견초유(月見草油)"
2006,155,월견초유,달맞이꽃씨기름,"달맞이꽃씨기름,월견초유(月見草油)"
2007,1434,유근피,유근피,"유근피(楡根皮), 느릅나무뿌리껍질"
2007,1434,느릅나무뿌리껍질,유근피,"유근피(楡根皮), 느릅나무뿌리껍질"
2008,1435,유채화분,유채화분,유채화분(油菜花粉)
2009,564,유향,유향,유향(乳香)
2010,564,유향,유향,유향(乳香)
2011,570,육종용,육종용,육종용(肉蓯蓉)
2012,570,육종용,육종용,육종용(肉蓯蓉)
2013,573,은박,은박,"은박(銀箔), 은박지(銀箔紙)"
2013,573,은박지,은박,"은박(銀箔), 은박지(銀箔紙)"
2014,576,음양곽,음양곽,음양곽(淫羊藿)
2015,576,음양곽,음양곽,음양곽(淫羊藿)
2016,1455,하토무기(ハトムギ),하토무기(ハトムギ),하토무기(ハトムギ)
2017,580,익모초,익모초,익모초(益母草)
2018,581,익지,익지,"익지(益智), 익지열매, 익지인(益智仁)"
2018,581,익지열매,익지,"익지(益智), 익지열매, 익지인(益智仁)"
2018,581,익지인,익지,"익지(益智), 익지열매, 익지인(益智仁)"
2019,1420,바다가쑥,바다가쑥,바다가쑥
2020,1416,가시오갈피줄기,가시오갈피줄기,가시오갈피줄기
2021,1436,자위피,자위피,자위피(刺猬皮)
2022,1436,자위피,자위피,자위피(刺猬皮)
2023,1417,나도금광국,나도금광국,나도금광국
2024,1437,작뇌,작뇌,작뇌(雀腦)
2025,616,잠사,잠사,"잠사(蠶沙), 잠분(蠶糞)"
2025,616,잠분,잠사,"잠사(蠶沙), 잠분(蠶糞)"
2026,1438,장유,장유,장유(樟油)
2027,1439,저골,저골,저골(猪骨)
2028,1440,저뇌분,저뇌분,저뇌분(猪腦粉)
2029,1441,저제갑,저제갑,저제갑(猪蹄甲)
2030,1442,저척수,저척수,저척수(猪脊髓)
2031,1443,전록건,전록건,전록건(全鹿乾)
2032,1444,절구대열매,절구대열매,절구대열매
2033,1444,절구대열매,절구대열매,절구대열매
2034,1458,향꿀풀정유,향꿀풀정유,"향꿀풀정유, 정향깨풀기름"
2034,1458,정향깨풀기름,향꿀풀정유,"향꿀풀정유, 정향깨풀기름"
2035,1430,올리브유,올리브유,올리브유
2036,647,제조,제조,"제조(蠐螬), 비제(蟦蠐), 금구자(金龜子)"
2036,647,비제,제조,"제조(蠐螬), 비제(蟦蠐), 금구자(金龜子)"
2036,647,금구자,제조,"제조(蠐螬), 비제(蟦蠐), 금구자(金龜子)"
2037,650,조구등,조구등,"조구등(釣鉤藤), 구등(鉤藤), 조등구(釣藤鉤), 조등구(釣藤鈎)"
2037,650,구등,조구등,"조구등(釣鉤藤), 구등(鉤藤), 조등구(釣藤鉤), 조등구(釣藤鈎)"
2037,650,조등구,조구등,"조구등(釣鉤藤), 구등(鉤藤), 조등구(釣藤鉤), 조등구(釣藤鈎)"
2037,650,조등구,조구등,"조구등(釣鉤藤), 구등(鉤藤), 조등구(釣藤鉤), 조등구(釣藤鈎)"
2038,650,조구등,조구등,"조구등(釣鉤藤), 구등(鉤藤), 조등구(釣藤鉤), 조등구(釣藤鈎)"
2038,650,구등,조구등,"조구등(釣鉤藤), 구등(鉤藤), 조등구(釣藤鉤), 조등구(釣藤鈎)"
2038,650,조등구,조구등,"조구등(釣鉤藤), 구등(鉤藤), 조등구(釣藤鉤), 조등구(釣藤鈎)"
2038,650,조등구,조구등,"조구등(釣鉤藤), 구등(鉤藤), 조등구(釣藤鉤), 조등구(釣藤鈎)"
2039,650,조구등,조구등,"조구등(釣鉤藤), 구등(鉤藤)"
2039,650,구등,조구등,"조구등(釣鉤藤), 구등(鉤藤)"
2040,650,조구등,조구등,"조구등(釣鉤藤), 구등(鉤藤)"
2040,650,구등,조구등,"조구등(釣鉤藤), 구등(鉤藤)"
2041,1446,주목잎,주목잎,주목잎
2042,1427,영사,영사,영사(靈砂)
2043,659,죽여,죽여,"죽여(竹茹), 죽여(竹筎), 참대속껍질"
2043,659,죽여,죽여,"죽여(竹茹), 죽여(竹筎), 참대속껍질"
2043,659,참대속껍질,죽여,"죽여(竹茹), 죽여(竹筎), 참대속껍질"
2044,659,죽여,죽여,"죽여(竹茹), 죽여(竹筎)"
2044,659,죽여,죽여,"죽여(竹茹), 죽여(竹筎)"
2045,659,죽여,죽여,"죽여(竹茹), 죽여(竹筎)"
2045,659,죽여,죽여,"죽여(竹茹), 죽여(竹筎)"
2046,660,죽엽,죽엽,죽엽(竹葉)
2047,660,죽엽,죽엽,죽엽(竹葉)
2048,677,진피,진피,진피(秦皮)
2049,677,진피,진피,진피(秦皮)
2050,96,귤피,귤피,귤피(橘皮)
2051,689,천궁,천궁,"천궁(川芎), 궁궁이뿌리"
2051,689,궁궁이뿌리,천궁,"천궁(川芎), 궁궁이뿌리"
2052,701,천선등,천선등,천선등(天仙藤)
2053,707,천패모,천패모,천패모(川貝母)
2054,707,천패모,천패모,천패모(川貝母)
2055,1429,오렌지유,오렌지유,오렌지유
2056,1429,오렌지유,오렌지유,오렌지유
2057,1429,오렌지유,오렌지유,오렌지유
2058,712,청대,청대,청대(靑黛)
2059,1299,청몽석,청몽석,청몽석(靑礞石)
2060,1307,초목,초목,초목(椒目)
2061,1448,초장초,초장초,초장초(酢漿草)
2062,726,충백랍,충백랍,충백랍(蟲白蠟)
2063,733,침향,침향,침향(沈香)
2064,733,침향,침향,침향(沈香)
2065,733,침향,침향,침향(沈香)
2066,733,침향,침향,침향(沈香)
2067,733,침향,침향,침향(沈香)
2068,1449,카르나우바납,카르나우바납,카르나우바납
2069,1450,카카오지,카카오지,카카오지
2070,1451,칼룸바,칼룸바,"칼룸바, 코론보(コロンボ)"
2070,1451,코론보(コロンボ),칼룸바,"칼룸바, 코론보(コロンボ)"
2071,1452,크레오소트,크레오소트,"크레오소트, 목크레오소트"
2071,1452,목크레오소트,크레오소트,"크레오소트, 목크레오소트"
2072,1452,크레오소트,크레오소트,"크레오소트, 목크레오소트"
2072,1452,목크레오소트,크레오소트,"크레오소트, 목크레오소트"
2073,1452,크레오소트,크레오소트,"크레오소트, 목크레오소트"
2073,1452,목크레오소트,크레오소트,"크레오소트, 목크레오소트"
2074,1452,크레오소트,크레오소트,"크레오소트, 목크레오소트"
2074,1452,목크레오소트,크레오소트,"크레오소트, 목크레오소트"
2075,1452,크레오소트,크레오소트,"크레오소트, 목크레오소트"
2075,1452,목크레오소트,크레오소트,"크레오소트, 목크레오소트"
2076,1452,크레오소트,크레오소트,"크레오소트, 목크레오소트"
2076,1452,목크레오소트,크레오소트,"크레오소트, 목크레오소트"
2077,1452,크레오소트,크레오소트,"크레오소트, 목크레오소트"
2077,1452,목크레오소트,크레오소트,"크레오소트, 목크레오소트"
2078,1452,크레오소트,크레오소트,"크레오소트, 목크레오소트"
2078,1452,목크레오소트,크레오소트,"크레오소트, 목크레오소트"
2079,1452,크레오소트,크레오소트,"크레오소트, 목크레오소트"
2079,1452,목크레오소트,크레오소트,"크레오소트, 목크레오소트"
2080,1452,크레오소트,크레오소트,"크레오소트, 목크레오소트"
2080,1452,목크레오소트,크레오소트,"크레오소트, 목크레오소트"
2081,1452,크레오소트,크레오소트,"크레오소트, 목크레오소트"
2081,1452,목크레오소트,크레오소트,"크레오소트, 목크레오소트"
2082,1452,크레오소트,크레오소트,"크레오소트, 목크레오소트"
2082,1452,목크레오소트,크레오소트,"크레오소트, 목크레오소트"
2083,1452,크레오소트,크레오소트,"크레오소트, 목크레오소트"
2083,1452,목크레오소트,크레오소트,"크레오소트, 목크레오소트"
2084,1452,크레오소트,크레오소트,"크레오소트, 목크레오소트"
2084,1452,목크레오소트,크레오소트,"크레오소트, 목크레오소트"
2085,1452,크레오소트,크레오소트,"크레오소트, 목크레오소트"
2085,1452,목크레오소트,크레오소트,"크레오소트, 목크레오소트"
2086,1452,크레오소트,크레오소트,"크레오소트, 목크레오소트"
2086,1452,목크레오소트,크레오소트,"크레오소트, 목크레오소트"
2087,1452,크레오소트,크레오소트,"크레오소트, 목크레오소트"
2087,1452,목크레오소트,크레오소트,"크레오소트, 목크레오소트"
2088,1452,크레오소트,크레오소트,"크레오소트, 목크레오소트"
2088,1452,목크레오소트,크레오소트,"크레오소트, 목크레오소트"
2089,1421,삼칠뿌리,삼칠뿌리,"삼칠뿌리, 토삼칠(土三七)"
2089,1421,토삼칠,삼칠뿌리,"삼칠뿌리, 토삼칠(土三七)"
2090,1453,패장초,패장초,패장초(敗醬草)
2091,1453,패장초,패장초,패장초(敗醬草)
2092,1454,하돈란,하돈란,"하돈란(河豚卵), 보가지알"
2092,1454,보가지알,하돈란,"하돈란(河豚卵), 보가지알"
2093,1454,하돈란,하돈란,"하돈란(河豚卵), 보가지알"
2093,1454,보가지알,하돈란,"하돈란(河豚卵), 보가지알"
2094,1445,제하수오,제하수오,제하수오(制何首烏)
2095,778,한속단,한속단,"한속단(韓續斷), 속단뿌리"
2095,778,속단뿌리,한속단,"한속단(韓續斷), 속단뿌리"
2096,779,한수석,한수석,"한수석(寒水石), 북한수석(北寒水石), 응수석(凝水石), 백수석(白水石)"
2096,779,북한수석,한수석,"한수석(寒水石), 북한수석(北寒水石), 응수석(凝水石), 백수석(白水石)"
2096,779,응수석,한수석,"한수석(寒水石), 북한수석(北寒水石), 응수석(凝水石), 백수석(白水石)"
2096,779,백수석,한수석,"한수석(寒水石), 북한수석(北寒水石), 응수석(凝水石), 백수석(白水石)"
2097,1456,한천,한천,"한천(寒天), 우무"
2097,1456,우무,한천,"한천(寒天), 우무"
2098,1456,한천,한천,"한천(寒天), 우무"
2098,1456,우무,한천,"한천(寒天), 우무"
2099,1447,차가버섯,차가버섯,"차가버섯, 봇나무버섯, 자작나무버섯, 합수균(合樹菌)"
2099,1447,봇나무버섯,차가버섯,"차가버섯, 봇나무버섯, 자작나무버섯, 합수균(合樹菌)"
2099,1447,자작나무버섯,차가버섯,"차가버섯, 봇나무버섯, 자작나무버섯, 합수균(合樹菌)"
2099,1447,합수균,차가버섯,"차가버섯, 봇나무버섯, 자작나무버섯, 합수균(合樹菌)"
2100,785,해구신,해구신,"해구신(海狗腎), 올눌제(膃肭臍)"
2100,785,올눌제,해구신,"해구신(海狗腎), 올눌제(膃肭臍)"
2101,793,해부석,해부석,"해부석(海浮石), 부석(浮石)"
2101,793,부석,해부석,"해부석(海浮石), 부석(浮石)"
2102,794,해분,해분,"해분(海粉), 홍해분(紅海粉)"
2102,794,홍해분,해분,"해분(海粉), 홍해분(紅海粉)"
2103,795,해삼,해삼,"해삼(海蔘), 자삼(刺參)"
2103,795,자삼,해삼,"해삼(海蔘), 자삼(刺參)"
2104,1457,해성,해성,해성(海星)
2105,1457,해성,해성,해성(海星)
2106,797,해인초,해인초,"해인초(海人草), 마쿠리(マクリ)"
2106,797,마쿠리(マクリ),해인초,"해인초(海人草), 마쿠리(マクリ)"
2107,811,현정석,현정석,"현정석(玄精石), 음정석(陰精石)"
2107,811,음정석,현정석,"현정석(玄精石), 음정석(陰精石)"
2108,816,형개,형개,"형개(荊芥), 형개(荆芥)"
2108,816,형개,형개,"형개(荊芥), 형개(荆芥)"
2109,1459,호골,호골,"호골(虎骨), 범뼈"
2109,1459,범뼈,호골,"호골(虎骨), 범뼈"
2110,821,호박,호박,호박(琥珀)
2111,828,홍경천,홍경천,홍경천(紅景天)
2112,1461,황수단,황수단,"황수단(黃壽丹), 베라비아초"
2112,1461,베라비아초,황수단,"황수단(黃壽丹), 베라비아초"
2113,1462,황우각,황우각,"황우각(黃牛角), 소뿔, 우각"
2113,1462,소뿔,황우각,"황우각(黃牛角), 소뿔, 우각"
2113,1462,우각,황우각,"황우각(黃牛角), 소뿔, 우각"
2114,1463,후두균,후두균,후두균(猴頭菌)
2115,1464,흑목이,흑목이,흑목이(黑木耳)
2116,1460,황규,황규,황규(黃葵)
2117,1422,상사자,상사자,상사자(相思子)
2118,362,산사,산사,"산사(山楂),산사자(山査子),찔광이"
2118,362,산사자,산사,"산사(山楂),산사자(山査子),찔광이"
2118,362,찔광이,산사,"산사(山楂),산사자(山査子),찔광이"
2119,363,산사엽,산사엽,"산사엽(山楂葉),찔광나무잎"
2119,363,찔광나무잎,산사엽,"산사엽(山楂葉),찔광나무잎"
2120,603,자소경,자소경,자소경(紫蘇梗)
2121,604,자소엽,자소엽,"자소엽(紫蘇葉), 소엽(蘇葉), 차조기"
2121,604,소엽,자소엽,"자소엽(紫蘇葉), 소엽(蘇葉), 차조기"
2121,604,차조기,자소엽,"자소엽(紫蘇葉), 소엽(蘇葉), 차조기"
2122,605,자소자,자소자,"자소자(紫蘇子), 소자(蘇子), 차조기열매"
2122,605,소자,자소자,"자소자(紫蘇子), 소자(蘇子), 차조기열매"
2122,605,차조기열매,자소자,"자소자(紫蘇子), 소자(蘇子), 차조기열매"
